Literal Lemma,MariT sense,IWN sense,Gloss S. (WM),Total S.,T. Relation S.,Mariterm ID,ItalWN ID,Mariterm Gloss,ItalWN Gloss,MariTerm Relations,ItalWN Relations,bonus,malus,missing_relations,no_gloss_relations,bonus_relations
abbeverare,1,1,0.050401258967805646,0.050401258967805646,0,V#2691,V#34987,colmare d acqua un imbarcazione tirata in secco per far gonfiare il legname della chiglia cosicché collimi,fare bere  dissetare gli animali  il bestiame,[],"[""xpos_near_synonym, abbeverata, l'atto e il luogo in cui si abbeverano gli animali. (Score: 0.00)"", 'has_hyperonym, fare, causare un cambiamento in un processo o uno stato (seguito da un infinito). (Score: 0.00)']",0,0,[],[],[]
abboccare,1,1,0.05699752852140606,-0.27300247147859397,0,V#2692,V#39005,detto di un imbarcazione a vela  navigare inclinata su un fianco con il bordo a pelo dell acqua,prendere l esca con la bocca,"[""has_hyperonym, navigare, effettuare un percorso  un viaggio per mare  su un corso o uno specchio d'acqua  es.: una nave che naviga per il Mediterraneo  navigare sul Nilo  (Score: 0.00)""]","['has_hyperonym, pigliare, afferrare. (Score: 0.00)']",0,-0.33,['navigare'],[],[]
abbordare,1,2,0.06437099366532754,-0.5956290063346724,0.0,V#338,V#38029,investire bordo contro bordo  di punta  per fianco,avvicinarsi a qualcuno con l intento di attaccare discorso,"['xpos_near_synonym, abbordaggio, urto volontario o collisione accidentale tra imbarcazioni (Score: [0.00] * [0.50] = 0.00)', 'has_hyperonym, muoversi, muoversi  cambiare la posizione in uno spazio. (Score: 0.00)', 'has_hyponym, collidere, urtare fortuitamente. (Score: 0.00)', 'has_hyponym, investire, urtare volontariamente. (Score: 0.00)']","[""xpos_near_synonym, abbordaggio, l'avvicinare  il fermare qualcuno  specialmente una donna  in modo deciso o importuno. (Score: [0.00] * [0.50] = 0.00)"", 'has_hyperonym, avvicinarsi, andare vicino o più vicino. (Score: 0.00)', ""has_hyperonym, appropinquare, mettere una cosa vicino o più vicino ad un'altra. (Score: 0.00)""]",0.33,-0.99,"['muoversi', 'collidere', 'investire']",[],['abbordaggio']
Abenra,1,1,0.0,0.0,0,NP#948,NP#47544,[FALLBACK] ,[FALLBACK] ,[],[],0,0,[],[],[]
Aberdeen,1,1,0.0,0.0,0,NP#949,NP#46137,[FALLBACK] ,[FALLBACK] ,[],[],0,0,[],[],[]
abete,1,2,0.08176804146599938,-0.24823195853400065,0,N#1819,N#51102,legno particolarmente usato per le alberature delle barche a vela,il legno di tali piante,"['has_hyperonym, legno, termine generico per indicare il legname nelle sue diverse forme  molto usato per la costruzione del fasciame di scafi di piccole dimensioni  e per gli arredi. (Score: 0.00)']","['has_hyperonym, legname, il materiale (Score: 0.00)']",0,-0.33,['legno'],[],[]
accessorio,1,2,0.0,-0.99,0,N#951,N#6329,parte di ricambio o di complemento ad attrezzature o impianti,scarpe  borse  gioielli e simili,"['has_hyperonym, parte, ciascuno degli elementi o delle parti in cui è diviso un tutto. (Score: 0.00)', 'has_hyponym, accessorio del motore, No Gloss (Score: 0.00)', 'has_hyponym, accessorio di coperta, No Gloss (Score: 0.00)']","['has_hyperonym, prodotto, tutto ciò che gli uomini producono (Score: 0.00)']",0,-0.99,"['parte', 'accessorio del motore', 'accessorio di coperta']",[],[]
accostare,1,2,0.0,-0.66,0,V#332,V#33819,cambiare la prua dell imbarcazione  manovrando il timone  verso destra o sinistra,far mutare di direzione alla prora di una nave,"['xpos_near_synonym, accostata, spostamento della prua per effetto del timone (Score: 0.00)', 'has_hyperonym, manovrare, fare manovra  dirigere o modificare il movimento di una nave o di una imbarcazione. (Score: 0.00)']","['has_hyperonym, variare, sottoporre a cambiamento. (Score: 0.00)']",0,-0.66,"['accostata', 'manovrare']",[],[]
Aden,1,1,0.0,0.0,0,NP#950,NP#48199,[FALLBACK] ,[FALLBACK] ,[],[],0,0,[],[],[]
afforcare,1,1,0.08704446792504218,-0.24295553207495785,0,V#334,V#37115,ancorarsi affondando due ancore a prua,ancorare il bastimento dando fondo alle ancore divaricate,"['has_hyperonym, ancorarsi, calare una o più ancore per tenere ferma una imbarcazione (Score: 0.00)']","['has_hyperonym, ancorare, ormeggiare gettando una o più ancore. (Score: 0.00)']",0,-0.33,['ancorarsi'],[],[]
Africa,1,1,0.0,0.0,0,NP#2628,NP#46974,[FALLBACK] ,[FALLBACK] ,[],[],0,0,[],[],[]
Agadir,1,1,0.0,0.0,0,NP#1013,NP#46238,[FALLBACK] ,[FALLBACK] ,[],[],0,0,[],[],[]
agente marittimo,1,1,-0.04007003177577634,-0.37007003177577635,0,N#233,N#49494,rappresentante  in un porto  della compagnia di navigazione o dell armatore,[FALLBACK] chi compie determinati servizi per conto di altri.,"['has_hyperonym, lavoratore, chi lavora nel campo della navigazione e dei trasporti navali. (Score: 0.00)']","['has_hyperonym, agente, chi compie determinati servizi per conto di altri. (Score: 0.00)']",0,-0.33,['lavoratore'],[],[]
ala,1,3,0.05156269994380421,-0.2784373000561958,0,N#1920,N#11174,cavo per la manovra dell alaggio,nel calcio e in altri giochi di squadra  il giocatore che occupa la posizione all estremità destra o sinistra d attacco,"['has_hyperonym, corda, prodotto flessibile per legare e assicurare (Score: 0.00)']","['has_hyperonym, giocatore, atleta che pratica giochi sportivi. (Score: 0.00)']",0,-0.33,['corda'],[],[]
Alborg,1,1,0.0,0.0,0,NP#1014,NP#46082,[FALLBACK] ,[FALLBACK] ,[],[],0,0,[],[],[]
Algeri,1,1,0.0,0.0,0,NP#1015,NP#45623,[FALLBACK] ,[FALLBACK] ,[],[],0,0,[],[],[]
Alicante,1,1,0.0,0.0,0,NP#1016,NP#48451,[FALLBACK] ,[FALLBACK] ,[],[],0,0,[],[],[]
allarme,1,2,0.061214170887196245,-0.5987858291128038,0,N#1882,N#14766,avviso di pericolo che può essere dato in diverse maniere un grido  un segnale acustico fischio  campana  etc,stato di profonda preoccupazione,"[""has_hyperonym, avvertimento, l'annunciare  l'avvertire  l'avvertire  informare  l'annunciare. (Score: 0.00)"", 'has_hyponym, allarme radio, avviso via radio per segnalare guasti  problemi o emergenze a bordo. (Score: 0.00)']","[""has_hyperonym, commozione, stato d'animo (Score: 0.00)""]",0,-0.66,"['avvertimento', 'allarme radio']",[],[]
allestimento,1,1,0.0,-0.33,0,N#957,N#8506,[FALLBACK] ,il preparare  atto del preparare o del prepararsi,"[""xpos_near_synonym, allestire, dotare un'imbarcazione di tutto ciò che è necessario per renderla adatta alla navigazione e all'ospitalità. (Score: 0.00)""]","['xpos_near_synonym, adattarsi, prepararsi  acconciarsi per qualcosa. (Score: 0.00)', ""xpos_near_synonym, approntare, disporre q.c. in modo che sia pronta all'uso. (Score: 0.00)"", 'xpos_near_synonym, mettere_a_punto, mettere a punto. (Score: 0.00)', 'has_hyperonym, sistemazione, atto del disporre. (Score: 0.00)', 'has_hyponym, imbandigione, No Gloss (Score: 0.00)', ""has_hyponym, messinscena, l'atto  l'effetto dell'allestire una messa in scena (Score: 0.00)""]",0,-0.33,['allestire'],[],[]
altostrato,1,1,0.0,-0.33,0,N#962,N#10670,nuvola grigia o azzurrognola velata  di media quota che spesso precede depressioni e cattivo tempo,formazione nuvolosa stratificata a grande altezza da terra,"[""has_hyperonym, nube, ammasso di vapori che si raccolgono nell'atmosfera (Score: 0.00)""]","['has_hyperonym, fenomeno_atmosferico, No Gloss (Score: 0.00)']",0,-0.33,['nube'],[],[]
alzare,2,5,0.0,-0.66,0,V#1845,V#33884,far salire  issare vele  bandiere  oggetti  alando una cima o con un paranco,nel linguaggio dei cacciatori  provocare l alzata di uno o più uccelli,"['has_hyperonym, issare, sollevare un peso o tirare una corda con sospeso un oggetto pesante (Score: 0.00)', 'has_hyponym, impavesare, alzare il pavese su una nave. (Score: 0.00)']","['has_hyperonym, provocare, essere causa di q.c. (Score: 0.00)']",0,-0.66,"['issare', 'impavesare']",[],[]
Amalfi,1,1,0.0,0.0,0,NP#2360,NP#46679,[FALLBACK] ,[FALLBACK] ,[],[],0,0,[],[],[]
Amburgo,1,1,0.0,0.0,0,NP#1202,NP#45586,[FALLBACK] ,[FALLBACK] ,[],[],0,0,[],[],[]
Americhe,1,1,0.0,0.0,0,NP#2629,NP#46204,[FALLBACK] ,[FALLBACK] ,[],[],0,0,[],[],[]
Amsterdam,1,1,0.0,0.0,0,NP#2418,NP#45739,[FALLBACK] ,[FALLBACK] ,[],[],0,0,[],[],[]
Anchorage,1,1,0.0,0.0,0,NP#1017,NP#45554,[FALLBACK] ,[FALLBACK] ,[],[],0,0,[],[],[]
Ancona,1,1,0.0,0.0,0,NP#2361,NP#48145,[FALLBACK] ,[FALLBACK] ,[],[],0,0,[],[],[]
ancoraggio,2,1,0.046135533763374155,-0.28386446623662587,0,N#588,N#2747,luogo riparato dai venti dove un  imbarcazione può tenersi ferma con l ancora o trovare riparo in caso di mal tempo,lo scalo dove le navi sono ancorate,"['has_hyperonym, luogo, parte dello spazio occupata o occupabile materialmente o idealmente (Score: 0.00)']","['has_hyperonym, scalo, luogo in cui arrivano o da cui partono mezzi e passeggeri di aerei  navi  treni (Score: 0.00)']",0,-0.33,['luogo'],[],[]
Annaba,1,1,0.0,0.0,0,NP#1018,NP#48273,[FALLBACK] ,[FALLBACK] ,[],[],0,0,[],[],[]
Anversa,1,1,0.0,0.0,0,NP#2336,NP#46108,[FALLBACK] ,[FALLBACK] ,[],[],0,0,[],[],[]
approdare,1,2,0.0,-0.33,0,V#337,V#35499,prendere terra  approdare,fig riuscire in ciò che ci si prefigge,"['has_hyperonym, manovrare, fare manovra  dirigere o modificare il movimento di una nave o di una imbarcazione. (Score: 0.00)']","[""xpos_near_synonym, approdo, l'approdare. (Score: 0.00)"", 'has_hyperonym, riescire, riuscire a fare qlco.  ottenere successo. (Score: 0.00)']",0,-0.33,['manovrare'],[],[]
Aqaba,1,1,0.0,0.0,0,NP#1019,NP#46659,[FALLBACK] ,[FALLBACK] ,[],[],0,0,[],[],[]
Arbatax,1,1,0.0,0.0,0,NP#1020,NP#46153,[FALLBACK] ,[FALLBACK] ,[],[],0,0,[],[],[]
argano,1,1,0.06056186021915365,-0.5994381397808464,0,N#865,N#4568,apparato girevole utilizzato per moltiplicare lo sforzo di rotazione quano si devono tirare e avvolgere le cime,macchina per sollevare e spostare pesi,"['has_hyperonym, impianto, una apparecchiatura  dispositivo  insieme di congegni. (Score: 0.00)', ""has_hyponym, salpancore, argano o verricello utilizzarto per salpare  o affondare l'ancora. (Score: 0.00)""]","[""has_hyperonym, macchina, qualunque strumento elettrico o meccanico che assiste l'uomo nel suo lavoro. (Score: 0.00)"", 'has_hyponym, burbera, verricello azionato a mano  formato da un cilindro orizzontale su cui si avvolge una fune. (Score: 0.00)', 'has_hyponym, verricello, piccolo argano azionato a mano o a motore. (Score: 0.00)']",0,-0.66,"['impianto', 'salpancore']",[],[]
Arhus,1,1,0.0,0.0,0,NP#1021,NP#46370,[FALLBACK] ,[FALLBACK] ,[],[],0,0,[],[],[]
equipaggiare,1,1,0.05368806747883356,-0.6063119325211664,0,V#702,V#37934,fornire un imbarcazione di tutto ciò che  in uomini e materiale  è necessario alla navigazione,[FALLBACK] dare a qlcu. ciò di cui ha bisogno o dotare qlco. di ciò di cui ha bisogno.,"['has_hyponym, armare, mettere una qualunque attrezzatura  della nave e/o imbarcazione in condizione di svolgere la propria funzione. (Score: 0.00)', 'has_hyponym, attrezzare, porre sulla coperta delle imbarcazioni cavi  cime accessorie e simili. (Score: 0.00)']","['xpos_near_synonym, equipaggiamento, procurare uomini mezzi e materiali ad una certa attività o impresa (Score: 0.00)', 'has_hyperonym, dare, dare a qlcu. ciò di cui ha bisogno o dotare qlco. di ciò di cui ha bisogno. (Score: 0.00)']",0,-0.66,"['armare', 'attrezzare']",[],[]
armo,1,1,0.07357474610589511,-0.2564252538941049,0,N#710,N#19709,l insieme di imbarcazione ed equipaggio per una regata specialmente nel canottaggio,equipaggio che gareggia nelle regate,"['has_hyperonym, insieme, la totalità  persone o animali o cose radunate insieme (Score: 0.00)']","['has_hyperonym, equipaggio, No Gloss (Score: 0.00)']",0,-0.33,['insieme'],[],[]
arrancare,1,1,0.11671773546032795,-0.21328226453967208,0,V#2236,V#39460,vogare con energia cercando di aumentare il ritmo,procedere con fatica,"[""has_hyperonym, remare, manovrare i remi o il remo di un'imbarcazione immergendoli ritmicamente nell'acqua in modo da far procedere l'imbarcazione stessa. (Score: 0.00)""]","['has_hyperonym, avanzare, andare avanti  proseguire il cammino. (Score: 0.00)']",0,-0.33,['remare'],[],[]
arsenalotto,1,1,-0.037385484530864155,-0.36738548453086417,0,N#2648,N#21668,operaio di un arsenale marittimo,[FALLBACK] chi lavora in una manifattura  chi fa lavori manuali alle dipendenze di qualcuno,"['has_hyperonym, operaio specializzato, No Gloss (Score: 0.00)']","['has_hyperonym, manifatturiere, chi lavora in una manifattura  chi fa lavori manuali alle dipendenze di qualcuno (Score: 0.00)']",0,-0.33,['operaio specializzato'],[],[]
Arzew,1,1,0.0,0.0,0,NP#1022,NP#48455,[FALLBACK] ,[FALLBACK] ,[],[],0,0,[],[],[]
Asia,1,1,0.0,0.0,0,NP#2630,NP#45965,[FALLBACK] ,[FALLBACK] ,[],[],0,0,[],[],[]
Assab,1,1,0.0,0.0,0,NP#1023,NP#47245,[FALLBACK] ,[FALLBACK] ,[],[],0,0,[],[],[]
assetto,1,2,0.0633548122219654,-0.2666451877780346,0,N#777,N#6927,modo in cui i pesi sono distribuiti su un imbarcazione,buona ditribuzione dei pesi interni di una nave,"['has_hyperonym, situazione, condizione  in cui si trova una cosa o una persona  circostanza in cui si verifica un evento. (Score: 0.00)']","['has_hyperonym, distribuzione, disposizione in un certo assetto  disposizione in un assetto opportuno  il modo in cui le cose sono ordinate e distribuite (Score: 0.00)']",0,-0.33,['situazione'],[],[]
Astoria,1,1,0.0,0.0,0,NP#1024,NP#47828,[FALLBACK] ,[FALLBACK] ,[],[],0,0,[],[],[]
Atlantico,1,1,0.0,0.0,0,NP#2015,NP#46183,[FALLBACK] ,[FALLBACK] ,[],[],0,0,[],[],[]
atto,1,5,0.0,-12.870000000000001,0,N#424,N#20874,l agire con intenzione,dichiarazione  espressione scritta o orale,"['has_hyponym, abbordaggio, urto volontario o collisione accidentale tra imbarcazioni (Score: 0.00)', ""has_hyponym, affondamento, il mandare a fondo  lo spingere qc. sotto l'acqua. (Score: 0.00)"", ""has_hyponym, alaggio, operazione con cui si mette a secco un'imbarcazione per mezzo di gru  scivoli  o altro. (Score: 0.00)"", 'has_hyponym, approvvigionamento, fare scorta ed imbarcare acqua  viveri  etc.. (Score: 0.00)', 'has_hyponym, attività, atto compiuto per uno scopo (Score: 0.00)', ""has_hyponym, avvertimento, l'annunciare  l'avvertire  l'avvertire  informare  l'annunciare. (Score: 0.00)"", 'has_hyponym, cambio di rotta, Variazione della direzione per seguire una nuova rotta.  (Score: 0.00)', 'has_hyponym, carenaggio, pulizia e pitturazione della carena. (Score: 0.00)', ""has_hyponym, carico, l'atto del caricare (Score: 0.00)"", 'has_hyponym, cessione, atto del cedere qualcosa a qualcuno  trasferendone la proprietà (Score: 0.00)', ""has_hyponym, comando, l'atto del comandare (Score: 0.00)"", 'has_hyponym, consegna, atto del consegnare. (Score: 0.00)', 'has_hyponym, detrazione, riduzione di una somma da pagare (Score: 0.00)', 'has_hyponym, diramazione, No Gloss (Score: 0.00)', 'has_hyponym, giro di bitta, Modo per legare una catena o una cima ad una bitta. (Score: 0.00)', 'has_hyponym, giro di bussola, Operazione che si deve compiere per la compensazione magnetica delle bussole di bordo.   (Score: 0.00)', ""has_hyponym, imballo, l'imballare (Score: 0.00)"", ""has_hyponym, inferitura, l'atto di inferire una vela. (Score: 0.00)"", 'has_hyponym, liquidazione, il pagamento di somme dovute  atto del pagare. (Score: 0.00)', 'has_hyponym, manovra, azione o insieme di azioni per dirigere o modificare il movimento di una nave o di una imbarcazione. Per effettuare una manovra si utilizzano il timone  le ancore ed il sistema di propulsione (motore ed eliche) oppure le vele nei velieri. (Score: 0.00)', 'has_hyponym, naufragio, incidente marittimo per cui una nave affonda o va distrutta (Score: 0.00)', 'has_hyponym, navigazione, il navigare. (Score: 0.00)', 'has_hyponym, noleggio, il noleggiare. (Score: 0.00)', 'has_hyponym, noleggio a scafo nudo, No Gloss (Score: 0.00)', 'has_hyponym, noleggio a tempo, No Gloss (Score: 0.00)', 'has_hyponym, noleggio a viaggio, No Gloss (Score: 0.00)', 'has_hyponym, nolo, il noleggiare (Score: 0.00)', ""has_hyponym, partecipazione, l'atto di comunicare  partecipare  l'atto del comunicare. (Score: 0.00)"", 'has_hyponym, partenza, il momento in cui un veicolo  spec. un mezzo di trasporto collettivo  si mette in movimento: la partenza della navetta. (Score: 0.00)', 'has_hyponym, pesata, No Gloss (Score: 0.00)', 'has_hyponym, pesca, il pescare. (Score: 0.00)', 'has_hyponym, prenotazione, atto del prenotare o del prenotarsi. (Score: 0.00)', 'has_hyponym, remata, colpo di remo. (Score: 0.00)', 'has_hyponym, salvamento, complesso di operazioni per salvarechi è in pericolo (Score: 0.00)', ""has_hyponym, sdoganamento, l'atto di svincolare la merce trattenuta in dogana pagandone i diritti doganali. (Score: 0.00)"", 'has_hyponym, stivaggio, operazione dello stivare. (Score: 0.00)', 'has_hyponym, taglio delle vele, No Gloss (Score: 0.00)', 'has_hyponym, trasporto, No Gloss (Score: 0.00)', ""has_hyponym, varo, l'azione del varare una nave o altro tipo di imbarcazione. (Score: 0.00)""]","[""has_hyperonym, espressione, atto  effetto dell'esprimere. (Score: 0.00)""]",0,-12.870000000000001,"['abbordaggio', 'affondamento', 'alaggio', 'approvvigionamento', 'attività', 'avvertimento', 'cambio di rotta', 'carenaggio', 'carico', 'cessione', 'comando', 'consegna', 'detrazione', 'diramazione', 'giro di bitta', 'giro di bussola', 'imballo', 'inferitura', 'liquidazione', 'manovra', 'naufragio', 'navigazione', 'noleggio', 'noleggio a scafo nudo', 'noleggio a tempo', 'noleggio a viaggio', 'nolo', 'partecipazione', 'partenza', 'pesata', 'pesca', 'prenotazione', 'remata', 'salvamento', 'sdoganamento', 'stivaggio', 'taglio delle vele', 'trasporto', 'varo']",[],[]
attraccare,1,1,0.09042421401858962,-0.23957578598141038,0,V#227,V#39963,avvicinarsi ad una banchina o a un altra imbarcazione assicurandola con un ormeggio,approdare  avvicinarsi a riva,"['has_hyperonym, manovrare, fare manovra  dirigere o modificare il movimento di una nave o di una imbarcazione. (Score: 0.00)']","[""xpos_near_synonym, attracco, l'operazione di attracco e il luogo in cui si attracca. (Score: 0.00)"", 'has_hyperonym, avvicinarsi, andare vicino o più vicino. (Score: 0.00)']",0,-0.33,['manovrare'],[],[]
attrezzare,1,1,0.0,-0.99,0,V#925,V#39798,porre sulla coperta delle imbarcazioni cavi  cime accessorie e simili,fornire di attrezzi,"['near_synonym, armare, mettere una qualunque attrezzatura  della nave e/o imbarcazione in condizione di svolgere la propria funzione. (Score: 0.00)', 'has_hyperonym, armare, attrezzare un veliero in un determinato modo  per es. a cutter  a goletta  a sloop. (Score: 0.00)', ""has_hyperonym, equipaggiare, fornire un'imbarcazione di tutto ciò che  in uomini e materiale  è necessario alla navigazione. (Score: 0.00)""]","['has_hyperonym, dare, dare a qlcu. ciò di cui ha bisogno o dotare qlco. di ciò di cui ha bisogno. (Score: 0.00)', 'has_hyponym, ammattare, attrezzare una nave dotandola di alberi. (Score: 0.00)']",0,-0.99,"['armare', 'armare', 'equipaggiare']",[],[]
Augusta,1,1,0.0,0.0,0,NP#2362,NP#48530,[FALLBACK] ,[FALLBACK] ,[],[],0,0,[],[],[]
Australia,1,2,0.0,0.0,0,NP#2631,NP#48603,[FALLBACK] ,[FALLBACK] ,[],[],0,0,[],[],[]
autorità,1,2,0.0,0.0,0,N#761,N#7722,persona o ente investito di una carica pubblica o di potere legittimo,professionista insigne per capacità e fama,[],"[""near_synonym, big, uomo di rilievo nell'ambito della cultura  della politica o dell'arte. (Score: 0.00)"", 'near_synonym, personalità, persona ragguardevole per fama  prestigio  autorità. (Score: 0.00)', 'has_hyperonym, uomo, essere umano (Score: 0.00)']",0,0,[],[],[]
autotreno,1,1,-0.1,-0.43000000000000005,0,N#590,N#8749,camion con rimorchio,[FALLBACK] grande autotreno o autoarticolato adibito al trasporto internazionale di merci.,"['has_hyponym, TIR, Grande autotreno o autoarticolato abilitato e adibito al trasporto internazionale di merci. (Score: 0.00)']","['has_hyperonym, autocarro, veicolo che trasporta merci (Score: 0.00)', 'has_hyponym, tir, grande autotreno o autoarticolato adibito al trasporto internazionale di merci. (Score: 0.00)']",0,-0.33,['TIR'],[],[]
avamporto,1,1,-0.1,-0.43000000000000005,0,N#620,N#19154,zona di mare antistante l entrata del porto  in genere protetta da dighe foranee,[FALLBACK] cosa costruita,"['has_hyperonym, parte, ciascuno degli elementi o delle parti in cui è diviso un tutto. (Score: 0.00)']","['has_hyperonym, struttura, cosa costruita (Score: 0.00)']",0,-0.33,['parte'],[],[]
avviso,2,3,0.0,-0.99,0,N#295,N#6777,avvertimento normalmente emesso dalle stazioni radio marittime o riportato in apposite pubblicazioni,parere  opinione,"[""has_hyperonym, avvertimento, l'annunciare  l'avvertire  l'avvertire  informare  l'annunciare. (Score: 0.00)"", ""has_hyponym, avviso ai naviganti, pubblicazioni realizzate da istituti specializzati (in Italia l'Istituto Idrografico della Marina) che riportano informazioni utili alla navigazione. (Score: 0.00)"", 'has_hyponym, avviso di tempesta, avvertimento trasmesso via radio o nota scritta che riporta lecaratteristiche di una situazione di peggioramento del tempo in una determinata zona. (Score: 0.00)']","['has_hyperonym, teoria, opinione  modo di vedere  punto di vista  parere su qualcosa (Score: 0.00)']",0,-0.99,"['avvertimento', 'avviso ai naviganti', 'avviso di tempesta']",[],[]
bacino,1,6,0.0,-0.99,0,N#714,N#21994,spazio portuale  specchio d acqua marina delimitato da moli o banchine,la zona che accoglie il letto di un fiume,"['has_hyperonym, luogo, parte dello spazio occupata o occupabile materialmente o idealmente (Score: 0.00)', 'has_hyponym, bacino, spazio portuale delimitato da paratie stagne dove è possibile mettere in secca le navi. (Score: 0.00)', 'has_hyponym, darsena, parte interna del porto  dove le navi vengono riparate o custodite (Score: 0.00)']","['has_hyperonym, zona, una particolare regione geografica con proprie caratteristiche fisiche  naturali  culturali (Score: 0.00)']",0,-0.99,"['luogo', 'bacino', 'darsena']",[],[]
bagnasciuga,1,1,0.12160331478619012,-0.20839668521380988,0,N#976,N#5579,parte esterna dello scafo che sta a pelo dell acqua e che può essere bagnata o meno a seconda del carico e del moto ondoso,parte di uno scafo,"['has_hyperonym, parte, ciascuno degli elementi o delle parti in cui è diviso un tutto. (Score: 0.00)']","['has_hyperonym, partizione, ciascuna delle porzioni o degli elementi in cui è diviso un tutto (Score: 0.00)']",0,-0.33,['parte'],[],[]
Baltimora,1,1,0.0,0.0,0,NP#1025,NP#45766,[FALLBACK] ,[FALLBACK] ,[],[],0,0,[],[],[]
molo,1,1,0.0,-0.66,0,N#194,N#28444,costruzione che agevola l attracco delle imbarcazioni e  permette l imbarco e lo sbarco dei passeggeri e delle merci,opera portuale di difesa e approdo,"['has_hyperonym, struttura, cosa costruita (Score: 0.00)', 'has_hyponym, andana, banchina portuale. (Score: 0.00)']","['has_hyperonym, lavoro_murario, No Gloss (Score: 0.00)']",0,-0.66,"['struttura', 'andana']",[],[]
Banjul,1,1,0.0,0.0,0,NP#1026,NP#47733,[FALLBACK] ,[FALLBACK] ,[],[],0,0,[],[],[]
barbetta,1,1,0.07644962318959062,-0.2535503768104094,0,N#873,N#29457,cima lunga e fine che si usa per ormeggiare o trainare una piccola imbarcazione ausiliaria,cavo per ormeggio o rimorchio,"['has_hyperonym, corda, prodotto flessibile per legare e assicurare (Score: 0.00)']","[""has_hyperonym, ormeggio, cavo o catena con cui si ormeggia un'imbarcazione. (Score: 0.00)""]",0,-0.33,['corda'],[],[]
Barcellona,1,1,0.0,0.0,0,NP#2152,NP#46890,[FALLBACK] ,[FALLBACK] ,[],[],0,0,[],[],[]
barchetta,1,1,-0.05081180419469296,-0.710811804194693,0,N#2714,N#7348,legno appesantito  fissato a un estremità della sagola e lasciato in mare come punto di riferimento  usato per calcolare la velocità di una imbarcazione,[FALLBACK] piccola imbarcazione a remi a vela o a motore.,"['has_hyperonym, legno, termine generico per indicare il legname nelle sue diverse forme  molto usato per la costruzione del fasciame di scafi di piccole dimensioni  e per gli arredi. (Score: 0.00)', 'has_hyperonym, strumento nautico, utile per calcolare la posizione della nave e per tecniche e/o operazioni di navigazione. (Score: 0.00)']","['has_hyperonym, barca, piccola imbarcazione a remi a vela o a motore. (Score: 0.00)']",0,-0.66,"['legno', 'strumento nautico']",[],[]
Bari,1,1,0.0,0.0,0,NP#2363,NP#47310,[FALLBACK] ,[FALLBACK] ,[],[],0,0,[],[],[]
barra,1,4,0.03748221720193078,-0.2925177827980692,0,N#99,N#7505,leva orizzontale fissata sulla testa del timone che trasmette alla pala il moto angolare,in particolare  la barriera che in un tribunale separa i giudici dagli imputati,"['has_hyperonym, parte, ciascuno degli elementi o delle parti in cui è diviso un tutto. (Score: 0.00)']","['has_hyperonym, sbarramento, qualcosa (materiale) che impedisce o intralcia.  ostacolo  impedimento. (Score: 0.00)']",0,-0.33,['parte'],[],[]
Barranquilla,1,1,0.0,0.0,0,NP#1027,NP#46481,[FALLBACK] ,[FALLBACK] ,[],[],0,0,[],[],[]
Barry,1,1,0.0,0.0,0,NP#1028,NP#48080,[FALLBACK] ,[FALLBACK] ,[],[],0,0,[],[],[]
fondo,1,5,0.0,-0.66,0,N#188,N#1044,la parte bassa,materia depositata,"['has_hyponym, fondale, il fondo del mare (Score: 0.00)', 'has_hyponym, pagliolo, nelle navi indica qualunque tipo di pavimento  nelle imbarcazioni da diporto è lo strato di tavole di legno posto sul fondo con funzione di pavimento. (Score: 0.00)']","['xpos_near_synonym, depositarsi, No Gloss (Score: 0.00)', 'has_hyperonym, materia, insieme di molecole di aspetto omogeneo  dotate di limiti e proprietà ben definiti. (Score: 0.00)', 'has_hyponym, alluvione, deposito di materiali formato dalla corrente fluviale (Score: 0.00)', 'has_hyponym, arena, insieme incoerente di granuli (Score: 0.00)', 'has_hyponym, breccia, sedimento portato dalla corrente dei fiumi (Score: 0.00)', 'has_hyponym, concrezione, incrostazione dura o aggregazione di minerali  spec. precipitati da soluzione acquosa. (Score: 0.00)', 'has_hyponym, conoide, deposito alluvionale a forma di semicono (Score: 0.00)', 'has_hyponym, deiezione, deposito di materia trasportata dalle acque (Score: 0.00)', 'has_hyponym, feccia, fondo  deposito melmoso lasciato dai liquidi nei recipienti. (Score: 0.00)', 'has_hyponym, giacimento, No Gloss (Score: 0.00)', 'has_hyponym, incrostramento, No Gloss (Score: 0.00)', 'has_hyponym, letto, deposito di rocce sedimentarie (Score: 0.00)', 'has_hyponym, limo, deposito di argilla o di altri materiali (Score: 0.00)', 'has_hyponym, posa, sedimento nel vino (Score: 0.00)', 'has_hyponym, tartaro, deposito di concrezioni calcaree e flora batterica che si forma intorno al colletto dei denti (Score: 0.00)']",0,-0.66,"['fondale', 'pagliolo']",[],[]
Bassora,1,1,0.0,0.0,0,NP#1029,NP#46345,[FALLBACK] ,[FALLBACK] ,[],[],0,0,[],[],[]
Bastia,1,1,0.0,0.0,0,NP#1030,NP#46270,[FALLBACK] ,[FALLBACK] ,[],[],0,0,[],[],[]
Baton_Rouge,1,1,0.0,0.0,0,NP#1031,NP#47019,[FALLBACK] ,[FALLBACK] ,[],[],0,0,[],[],[]
battagliola,1,1,0.09867961797986959,0.09867961797986959,0,N#980,N#21952,ringhiera metallica che si eleva al di sopra dei fianchi della nave per proteggere persone o carico,ringhiera di metallo posta sui ponti delle imbarcazioni,[],"['has_hyperonym, ringhiera, parapetto di metallo (Score: 0.00)']",0,0,[],[],[]
battente,1,2,0.0,0.0,0,N#1798,N#31702,lato libero della bandiera,ciascuno degli elementi che chide una porta o una finestra,[],"['has_hyperonym, affisso, Serramento di vario materiale che serve come chiusura (porte  finestre) nelle strutture murarie. (Score: 0.00)']",0,0,[],[],[]
Bayonne,1,1,0.0,0.0,0,NP#1032,NP#46535,[FALLBACK] ,[FALLBACK] ,[],[],0,0,[],[],[]
beccaccino,1,1,0.0,-0.33,0,N#2,N#17291,piccola barca a vela da diporto  armata con un albero  randa e fiocco,uccello di palude dalle carni pregiatissime  simile alla beccaccia,"['has_hyperonym, barca a vela, No Gloss (Score: 0.00)']","['has_hyperonym, augello, animale vertebrato oviparo dal corpo coperto di penne e piume  con ali  cova le uova e si occupa della prole. (Score: 0.00)']",0,-0.33,['barca a vela'],[],[]
beccheggio,1,1,0.11909571536338355,-0.5409042846366164,0,N#578,N#3970,movimento oscillatorio longitudinale dell imbarcazione,oscillazione in senso longitudinale di un imbarcazione o di un aereo dovuto a moto ondoso o correnti d aria ,"['xpos_near_synonym, beccheggiare, muoversi  oscillando in senso longitudinale  tipico delle imbarcazioni (Score: 0.00)', ""has_hyperonym, movimento, movimento dell'imbarcazione . (Score: 0.00)""]","['xpos_near_synonym, rollare, compiere movimenti dei beccheggio  detto di areomobili e di navi (Score: 0.00)', 'has_hyperonym, moto, movimento di corpi nello spazio (Score: 0.00)']",0,-0.66,"['beccheggiare', 'movimento']",[],[]
Belfast,1,1,0.0,0.0,0,NP#1033,NP#47198,[FALLBACK] ,[FALLBACK] ,[],[],0,0,[],[],[]
Belgrado,1,1,0.0,0.0,0,NP#2491,NP#48416,[FALLBACK] ,[FALLBACK] ,[],[],0,0,[],[],[]
belvedere,1,1,-0.1,-0.43000000000000005,0,N#354,N#30580,la penultima delle vele quadre dei bastimenti a tre alberi,[FALLBACK] luogo con determinate qualità o condizioni geografiche e ambientali. ,"['has_hyperonym, vela quadra, vela di forma rettangolare o trapezoidale  utilizzata sui grandi velieri del passato. (Score: 0.00)']","['has_hyperonym, sito, luogo con determinate qualità o condizioni geografiche e ambientali.  (Score: 0.00)']",0,-0.33,['vela quadra'],[],[]
bengala,1,1,0.0,0.0,0,N#983,N#25698,razzo utilizzato per segnalare emergenze o per illuminare dall alto,fuoco d artificio,[],"['has_hyperonym, fuoco_pirotecnico, i fuochi  fuoco artificiale (Score: 0.00)']",0,0,[],[],[]
Bergen,1,1,0.0,0.0,0,NP#1034,NP#48581,[FALLBACK] ,[FALLBACK] ,[],[],0,0,[],[],[]
biga,1,1,0.0,-0.33,0,N#1914,N#4389,gru usata per alzare grossi pesi,[FALLBACK] ,"['has_hyperonym, gru, macchina per sollevare e spostare carichi. (Score: 0.00)']","['has_hyperonym, cocchio, No Gloss (Score: 0.00)']",0,-0.33,['gru'],[],[]
Bilbao,1,1,0.0,0.0,0,NP#2425,NP#48528,[FALLBACK] ,[FALLBACK] ,[],[],0,0,[],[],[]
biscaglina,1,1,0.0,-0.33,0,N#1935,N#26340,nave a vele quadre tipica della biscaglia,piccola scala a pioli,"['has_hyperonym, veliero, bastimento a vela. (Score: 0.00)']","['has_hyperonym, scaletta, piccola scala (Score: 0.00)']",0,-0.33,['veliero'],[],[]
bissona,1,1,-0.012955532074957823,-0.3429555320749578,0,N#1936,N#10233,barca veneziana da parata a otto remi  sottile e veloce,[FALLBACK] piccola imbarcazione a remi a vela o a motore.,"['has_hyperonym, barca a remi, imbarcazione con propulsione a remi (Score: 0.00)']","['has_hyperonym, barca, piccola imbarcazione a remi a vela o a motore. (Score: 0.00)']",0,-0.33,['barca a remi'],[],[]
bitta,2,1,-0.1,-0.43000000000000005,0,N#580,N#19924,attrezzatura posta sulla banchina a cui si avvolgono i cavi o le catene d ormeggio,[FALLBACK] elemento architettonico usato come sostegno o anche per abbellimento.,"[""has_hyperonym, utensile, arnese atto all'esecuzione di determinate operazioni proprie di un'arte  di un mestiere o di una tecnica. (Score: 0.00)""]","['has_hyperonym, colonna, elemento architettonico usato come sostegno o anche per abbellimento. (Score: 0.00)']",0,-0.33,['utensile'],[],[]
boccaporto,1,1,-0.04302952047606692,-0.04302952047606692,0,N#851,N#25324,apertura praticata nella coperta delle imbarcazioni e delle navi per il passaggio delle persone o delle merci tra i diversi livelli di ponte,[FALLBACK] passaggio aperto  varco.,[],"['has_hyperonym, sbocco, passaggio aperto  varco. (Score: 0.00)']",0,0,[],[],[]
Boma,1,1,0.0,0.0,0,NP#1037,NP#46072,[FALLBACK] ,[FALLBACK] ,[],[],0,0,[],[],[]
bombarda,1,1,0.11954622394547189,-0.21045377605452814,0,N#1937,N#1808,piccolo veliero da guerra con due alberi e un mortaio da bombe,pezzo di artiglieria da trincea a tiro curvo,"['has_hyperonym, veliero, bastimento a vela. (Score: 0.00)']","[""has_hyperonym, pezzo_d'artiglieria, arma da fuoco pesante (cannone  obice o mortaio) dotata di affusto e strumentazione necessaria per il traino e per il tiro. (Score: 0.00)""]",0,-0.33,['veliero'],[],[]
bora,1,1,0.12536693798731732,-0.2046330620126827,0,N#982,N#19919,vento freddo e impetuoso che soffia da nord est sul mare adriatico con la massima intensità a trieste e lungo le coste della dalmazia,vento di nordest che durante l inverno spira sull adriatico,"['has_hyperonym, venti locali del Mediterraneo, venti tipici delle regioni del Mediterraneo. (Score: 0.00)']","[""has_hyperonym, aria, spostamento di masse d'aria atmosferiche dovuto a differenza di temperatura o di pressione  spostamento di masse d'aria atmosferiche causato da differenze di temperatura o di pressione (Score: 0.00)""]",0,-0.33,['venti locali del Mediterraneo'],[],[]
Bordeaux,1,1,0.0,0.0,0,NP#1038,NP#46994,[FALLBACK] ,[FALLBACK] ,[],[],0,0,[],[],[]
bordeggiare,1,1,-0.04789046442953381,-0.37789046442953383,0,V#664,V#39675,veleggiare con vento obliquo per diagonali  cambiando di boerdo dii volta in volta,[FALLBACK] spostarsi  viaggiare per mare su una nave.,"[""has_hyperonym, veleggiare, navigare con un'imbarcazione a vela. (Score: 0.00)""]","['xpos_near_synonym, bordeggio, No Gloss (Score: 0.00)', 'has_hyperonym, navigare, spostarsi  viaggiare per mare su una nave. (Score: 0.00)']",0,-0.33,['veleggiare'],[],[]
bordo,4,3,0.09477750867961184,-0.2352224913203882,0,N#2726,N#28180,nella navigazione di bolina delle barche a vela  ogni tratto percorso con il vento da uno stesso lato,lo spazio interno di una nave o  per estensione  di qualunque altro mezzo di locomozione,"['has_hyperonym, percorso, tratto di strada che si compie  per mare o per terra. (Score: 0.00)']","[""has_hyperonym, dentro, Tutto ciò che sta all'interno di qualcosa. (Score: 0.00)""]",0,-0.33,['percorso'],[],[]
Boston,1,1,0.0,0.0,0,NP#2164,NP#46975,[FALLBACK] ,[FALLBACK] ,[],[],0,0,[],[],[]
Boulogne,1,1,0.0,0.0,0,NP#1039,NP#46293,[FALLBACK] ,[FALLBACK] ,[],[],0,0,[],[],[]
braccio,1,2,0.06360120575671213,-0.2663987942432879,0,N#882,N#29071,misura inglese di profondità che corrisponde a metri 1 85 e si suddivide in 6 piedi,parte lunga e stretta  sporgente  di qlco,"['has_hyperonym, grandezza, espressione quantitativa del rapporto fra grandezze omogenee. (Score: 0.00)']","['has_hyperonym, partizione, ciascuna delle porzioni o degli elementi in cui è diviso un tutto (Score: 0.00)', ""has_hyponym, morta, braccio morto di un corso d'acqua  con acqua stagnante (Score: 0.00)""]",0,-0.33,['grandezza'],[],[]
bragozzo,1,1,-0.04973091251984977,-0.3797309125198498,0,N#1939,N#29666,barca da pesca in uso nell alto adriatico  di forme rotonde e tozze  con due alberi con vela a terzo dipinta a colori vivaci,[FALLBACK] piccola imbarcazione a remi a vela o a motore.,"['has_hyperonym, barca a vela, No Gloss (Score: 0.00)']","['has_hyperonym, barca, piccola imbarcazione a remi a vela o a motore. (Score: 0.00)']",0,-0.33,['barca a vela'],[],[]
Brema,1,1,0.0,0.0,0,NP#1040,NP#46416,[FALLBACK] ,[FALLBACK] ,[],[],0,0,[],[],[]
Brest,1,1,0.0,0.0,0,NP#1041,NP#47465,[FALLBACK] ,[FALLBACK] ,[],[],0,0,[],[],[]
Bridgetown,1,1,0.0,0.0,0,NP#1036,NP#47950,[FALLBACK] ,[FALLBACK] ,[],[],0,0,[],[],[]
brigantino,1,1,-0.1,-1.09,0,N#886,N#21615,veliero con due alberi a vele quadre e bompresso,[FALLBACK] costruzione specialmente di notevoli dimensioni destinata al trasporto o a scopi militari spostandosi per via d'acqua  galleggiando  o navigando in profondità  o scivolando sopra la superficie.,"['has_hyperonym, veliero, bastimento a vela. (Score: 0.00)', 'has_hyponym, brigantino a goletta, No Gloss (Score: 0.00)', 'has_hyponym, brigantino a palo, No Gloss (Score: 0.00)']","[""has_hyperonym, nave, costruzione specialmente di notevoli dimensioni destinata al trasporto o a scopi militari spostandosi per via d'acqua  galleggiando  o navigando in profondità  o scivolando sopra la superficie. (Score: 0.00)""]",0,-0.99,"['veliero', 'brigantino a goletta', 'brigantino a palo']",[],[]
Brindisi,1,1,0.0,0.0,0,NP#2445,NP#46827,[FALLBACK] ,[FALLBACK] ,[],[],0,0,[],[],[]
Bristol,1,1,0.0,0.0,0,NP#1035,NP#47074,[FALLBACK] ,[FALLBACK] ,[],[],0,0,[],[],[]
buriana,1,2,0.0,-0.66,0,N#2572,N#869,vento impetuoso che spira da settentrione,confusione  situazione caotica  situazione confusa e caotica,"['near_synonym, burrasca, temporale con forte vento che può produrre un forte moto ondoso  (Score: 0.00)', 'has_hyperonym, venti locali del Mediterraneo, venti tipici delle regioni del Mediterraneo. (Score: 0.00)']","['xpos_near_synonym, rabbuffare, mettere in disordine  intricare un insieme di cose in modo da alterarne la normale disposizione. (Score: 0.00)', 'has_hyperonym, situazione, stato  condizione  insieme di circostanze (Score: 0.00)', 'has_hyponym, bagarre, nel ciclismo  situazione di confusione soprattutto nel finale della gara (Score: 0.00)', 'has_hyponym, chiasso, confusione di gente e di voci o di suoni (Score: 0.00)', 'has_hyponym, dissesto, stato di instabilità (Score: 0.00)', 'has_hyponym, fuggifuggi, No Gloss (Score: 0.00)', 'has_hyponym, movimento, grande fervore di persone  di cose  di idee. (Score: 0.00)', 'has_hyponym, scombussolio, confusione (Score: 0.00)', 'has_hyponym, tregenda, stato di grande confusione e turbamento (Score: 0.00)']",0,-0.66,"['burrasca', 'venti locali del Mediterraneo']",[],[]
Cadice,1,1,0.0,0.0,0,NP#1042,NP#48433,[FALLBACK] ,[FALLBACK] ,[],[],0,0,[],[],[]
Cagliari,1,2,0.0,0.0,0,NP#2259,NP#49173,[FALLBACK] ,squadra di calcio,[],[],0,0,[],[],[]
Calais,1,1,0.0,0.0,0,NP#1043,NP#48590,[FALLBACK] ,[FALLBACK] ,[],[],0,0,[],[],[]
calma,2,4,0.0,0.0,0,N#2083,N#3702,il mare è come uno specchio grado 0 della scala beaufort,zona equatoriale caratterizzata da scarsissimi venti,[],"['has_hyperonym, zona, una particolare regione geografica con proprie caratteristiche fisiche  naturali  culturali (Score: 0.00)']",0,0,[],[],[]
cambusa,1,1,-0.1,-0.43000000000000005,0,N#1055,N#13024,deposito dei viveri sulla nave o imbarcazione,[FALLBACK] un luogo dove si tengono valori o cose al sicuro,"['has_hyperonym, camera, ambiente interno  stanza  ripostiglio  deposito. (Score: 0.00)']","['has_hyperonym, deposito, un luogo dove si tengono valori o cose al sicuro (Score: 0.00)']",0,-0.33,['camera'],[],[]
campionare,1,1,0.0,0.0,0,V#595,V#39696,[FALLBACK] ,[FALLBACK] ,[],"['xpos_near_synonym, campionamento, No Gloss (Score: 0.00)', 'has_hyperonym, trarre, No Gloss (Score: 0.00)']",0,0,[],[],[]
cannoniera,1,2,-0.055837664057401384,-0.3858376640574014,0,N#556,N#4781,[FALLBACK] nave impiegata per scopi militari e/o di guerra.,apertura a cui si affaccia la bocca del cannone  nelle fortezze e nelle murate delle navi da guerra,"['has_hyperonym, nave militare, nave impiegata per scopi militari e/o di guerra. (Score: 0.00)']","['has_hyperonym, sbocco, passaggio aperto  varco. (Score: 0.00)']",0,-0.33,['nave militare'],[],[]
canotto,1,1,-0.1,-0.43000000000000005,0,N#362,N#21845,sulle navi mercantili è la più piccola delle imbarcazioni di bordo,[FALLBACK] canotto pneumatico a motore.,"['has_hyperonym, imbarcazione, termine generico per indicare barche di piccole e medie dimensioni  utilizzate per diversi scopi (lavoro  piacere  etc.).  (Score: 0.00)']","['has_hyperonym, barca, piccola imbarcazione a remi a vela o a motore. (Score: 0.00)', 'has_hyponym, autogonfiabile, No Gloss (Score: 0.00)', 'has_hyponym, gommone, canotto pneumatico a motore. (Score: 0.00)']",0,-0.33,['imbarcazione'],[],[]
capitano,2,3,0.1059921313509325,-1.5440078686490677,0,N#511,N#26084,grado di vari ufficiali della marina militare,anticamente capo militare e politico,"[""has_hyperonym, posizione, posizione all'interno della gerarchia sociale  posizione all'interno di una gerarchia (Score: 0.00)"", ""has_hyponym, capitano di corvetta, corrisponde a maggiore dell'esercito. (Score: 0.00)"", ""has_hyponym, capitano di fregata, corrispondente a tenente colonnello dell'esercito. (Score: 0.00)"", ""has_hyponym, capitano di vascello, corrispondente a colonnello dell'esercito. (Score: 0.00)"", 'has_hyponym, primo capitano, ufficiale che ha più di dodici anni di permanenza nel suo grado. (Score: 0.00)']","[""has_hyperonym, leader, chi dirige  chi ha la responsabilità di un'attività  di una scuola  ufficio  azienda  villaggio ecc.. (Score: 0.00)""]",0,-1.6500000000000001,"['posizione', 'capitano di corvetta', 'capitano di fregata', 'capitano di vascello', 'primo capitano']",[],[]
capo,1,6,0.06744304769296748,0.06744304769296748,0,N#1091,N#23870,"promontorio o sporgenza della costa  normalmente alto sul mare
",striscia di terra che si proietta in mare,[],"['has_hyperonym, terreno, porzione di suolo omogeneo per struttura  natura  composizione e sim. (Score: 0.00)']",0,0,[],[],[]
Capo_Carbonara,1,1,0.0,0.0,0,NP#2586,NP#46511,[FALLBACK] ,[FALLBACK] ,[],[],0,0,[],[],[]
Capo_Rizzuto,1,1,0.0,0.0,0,NP#2587,NP#47750,[FALLBACK] ,[FALLBACK] ,[],[],0,0,[],[],[]
cappellano,1,3,0.0,0.0,0,N#807,N#23742,[FALLBACK] ,sacerdote che svolge il suo servizio religioso presso comunità e istituzioni,[],"['has_hyperonym, padre, ministro del culto nella Chiesa cristiana (Score: 0.00)']",0,0,[],[],[]
Capraia,1,1,0.0,0.0,0,NP#2260,NP#48351,[FALLBACK] ,[FALLBACK] ,[],[],0,0,[],[],[]
Capri,1,1,0.0,0.0,0,NP#2364,NP#47871,[FALLBACK] ,[FALLBACK] ,[],[],0,0,[],[],[]
Cardiff,1,1,0.0,0.0,0,NP#2463,NP#47117,[FALLBACK] ,[FALLBACK] ,[],[],0,0,[],[],[]
carena,1,1,-0.1,-0.43000000000000005,0,N#720,N#17265,la parte dello scafo che normalmente sta sotto il livello dell acqua,[FALLBACK] ciascuna delle porzioni o degli elementi in cui è diviso un tutto,"['has_hyperonym, parte, ciascuno degli elementi o delle parti in cui è diviso un tutto. (Score: 0.00)']","['has_hyperonym, partizione, ciascuna delle porzioni o degli elementi in cui è diviso un tutto (Score: 0.00)']",0,-0.33,['parte'],[],[]
carpenteria,3,1,0.03627634143908645,-0.29372365856091354,0,N#2203,N#13396,stabilimento o reparto in cui si effettuano attività di carpenteria,[FALLBACK] attività umana che si basa sull'abilità individuale e su un complesso di regole e conoscenze tecniche ad essa necessarie.,"['has_hyperonym, luogo, parte dello spazio occupata o occupabile materialmente o idealmente (Score: 0.00)']","[""has_hyperonym, mestiere, attività umana che si basa sull'abilità individuale e su un complesso di regole e conoscenze tecniche ad essa necessarie. (Score: 0.00)""]",0,-0.33,['luogo'],[],[]
Carrara,1,1,0.0,0.0,0,NP#2446,NP#47881,[FALLBACK] ,[FALLBACK] ,[],[],0,0,[],[],[]
carrello,1,2,0.1054804151138788,0.1054804151138788,0,N#1331,N#28097,sistema scorrevole su una rotaia che porta uno o più bozzelli nei quali scorrono le scotte che regolano le diverse vele,nei supermercati  grosso cestello con ruote e una maniglia per manovrarlo  in cui i clienti trasportano le merci prelevate dagli scaffali,[],"['has_hyperonym, contenitore, oggetto che serve a contenerne altri  spec. per agevolarne il trasporto. (Score: 0.00)']",0,0,[],[],[]
Cartagena,1,1,0.0,0.0,0,NP#1044,NP#46774,[FALLBACK] ,[FALLBACK] ,[],[],0,0,[],[],[]
carteggiare,1,2,0.11446760068960024,-0.21553239931039977,0,V#780,V#41035,tracciare e seguire una rotta sulle carte nautiche,nella navigazione aerea e marittima   determinare una rotta e verificarla sulla carta nautica durante il tragitto,"['xpos_near_synonym, carteggio, procedimento per tracciare e seguire una rotta sulle carte nautiche . (Score: 0.00)']","['has_hyperonym, combinare, preparare ordinatamente. (Score: 0.00)', 'has_hyperonym, scoprire, riscontrare in seguito ad osservazione diretta. (Score: 0.00)']",0,-0.33,['carteggio'],[],[]
Caspio,1,1,0.0,0.0,0,NP#2052,NP#46816,[FALLBACK] ,[FALLBACK] ,[],[],0,0,[],[],[]
cassero,2,1,0.11913689236190332,-0.21086310763809668,0,N#2000,N#15704,sulle navi moderne il ponte sopraelevato centrale o di poppa  spec destinato ad alloggi,nelle navi mercantili  sovrastruttura destinata a contenere alloggi,"['has_hyperonym, ponte, ognuno di piani orizzontali che dividono l\'interno delle navi nel senso dell\'altezza  nelle imbarcazioni da diporto spesso il termine ponte coincide con ""coperta"". (Score: 0.00)']","['has_hyperonym, sovrastruttura, No Gloss (Score: 0.00)']",0,-0.33,['ponte'],[],[]
Catania,1,1,0.0,0.0,0,NP#2367,NP#48341,[FALLBACK] ,[FALLBACK] ,[],[],0,0,[],[],[]
catena,1,5,0.026808540936613015,-0.633191459063387,0,N#1181,N#21710,"nella marineria le catene si usano sostanzialmente per collegare l ancora allo scafo o per ormeggiare ad una bitta quelle per l ancora devono essere calibrate cioè con maglie perfettamente uguali per entrare nel barbutin dell argano

",tirante tramite il quale si aziona lo sciaquone,"['has_hyperonym, prodotto, tutto ciò che gli uomini producono. (Score: 0.00)', ""has_hyponym, frenello, cavo d'acciaio  o catena  che rimanda il movimento della ruota del timone alla barra e quindi alla pala.  (Score: 0.00)""]","['has_hyperonym, oggetto, oggetto materiale  concreto (Score: 0.00)']",0,-0.66,"['prodotto', 'frenello']",[],[]
cavallino,1,3,0.0,0.0,0,N#1182,N#50455,"concavità del centro della coperta nel senso longitudinale  rispetto alla prua e alla poppa
",manto di puledro conciato,[],"['has_hyperonym, cuoio, pelle di animale conciata per fare borse  valigie  cinture ecc..  pelle di animale conciata (Score: 0.00)']",0,0,[],[],[]
cavitazione,1,1,-0.03538366682725237,-0.03538366682725237,0,N#1183,N#10041,"effetto turbolento dell elica causato da una velocità di rotazione troppo elevata  che determina un decadimento della spinta
",[FALLBACK] ciò che si manifesta,[],"['has_hyperonym, fenomeno, ciò che si manifesta (Score: 0.00)']",0,0,[],[],[]
centinatura,1,1,-0.1,-0.1,0,N#1336,N#25265,curvatura trasversale della ordinata,[FALLBACK] azione (o serie di azioni ) che tende a produrre un effetto  che è volta ad un fine.,[],"['xpos_near_synonym, centinare, No Gloss (Score: 0.00)', 'has_hyperonym, operazione, azione (o serie di azioni ) che tende a produrre un effetto  che è volta ad un fine. (Score: 0.00)']",0,0,[],[],[]
cerata,1,1,0.05970294267822997,-0.27029705732177006,0,N#1847,N#16432,indumento impermeabilizzato e ben chiuso per impedire il passaggio dell acqua  di solito formato da giacca con cappuccio e pantaloni alti o tuta intera,giaccone di tessuto impermeabile,"[""has_hyperonym, impermeabile, indumento adatto a proteggere dall'acqua.  (Score: 0.00)""]","['has_hyperonym, capo_di_vestiario, capo di vestiario (Score: 0.00)']",0,-0.33,['impermeabile'],[],[]
Cherbourg,1,1,0.0,0.0,0,NP#1045,NP#47145,[FALLBACK] ,[FALLBACK] ,[],[],0,0,[],[],[]
chiesuola,1,1,0.0406093257697673,-0.28939067423023274,0,N#640,N#22005,colonna fissata al ponte della nave che sostiene e protegge la bussola magnetica,gruppo ristretto di persone che professano idee o comportamenti e forme di vita particolari,"['has_hyperonym, colonna, si dice di varie cose verticali di forma allungata. (Score: 0.00)']","['has_hyperonym, insieme, la totalità  persone o animali o cose radunate insieme (Score: 0.00)']",0,-0.33,['colonna'],[],[]
chiglia,1,1,-0.067488865061926,-0.727488865061926,0,N#109,N#8155,trave in uno o più pezzi che corre dalla prua alla poppa e costituisce il fondo dello scafo e  l elemento più importante della struttura di una imbarcazione,[FALLBACK] ciascuna delle porzioni o degli elementi in cui è diviso un tutto,"['has_hyperonym, parte, ciascuno degli elementi o delle parti in cui è diviso un tutto. (Score: 0.00)', ""has_hyperonym, trave, elemento delle costruzioni costituito da un tronco d'albero squadrato o da analoghe strutture in acciaio o cemento armato. (Score: 0.00)""]","['has_hyperonym, partizione, ciascuna delle porzioni o degli elementi in cui è diviso un tutto (Score: 0.00)']",0,-0.66,"['parte', 'trave']",[],[]
Chioggia,1,1,0.0,0.0,0,NP#2447,NP#47524,[FALLBACK] ,[FALLBACK] ,[],[],0,0,[],[],[]
ciclone,1,2,0.09890006044260098,-0.891099939557399,0,N#1240,N#29425,"tempesta tropicale di notevole intensità conseguente al prodursi di forti depressioni 
",fenomeno atmosferico che porta ad ampie zone di bassa pressione,"['near_synonym, tifone, Prendono questo nome i ""cicloni"" dell\'Oceano Indiano e dell\'Oceano Pacifico orientale. (Score: 0.00)', 'near_synonym, uragano, generico nome che si da alle tempeste e ai cicloni. In particolare designa le tempeste tropicali nel Mar dei Caraibi. (Score: 0.00)', 'has_hyperonym, burrasca, temporale con forte vento che può produrre un forte moto ondoso  (Score: 0.00)']","['has_hyperonym, fenomeno_atmosferico, No Gloss (Score: 0.00)']",0,-0.99,"['tifone', 'uragano', 'burrasca']",[],[]
Cinque_Terre,1,1,0.0,0.0,0,NP#2588,NP#47827,[FALLBACK] ,[FALLBACK] ,[],[],0,0,[],[],[]
cisterna,1,1,0.11521554337793122,-0.2147844566220688,0,N#1304,N#28766,contenitore di grandi dimensioni,vasca per la raccolta di liquidi,"['has_hyperonym, contenitore, oggetto che serve a contenerne altri  spec. per agevolarne il trasporto. (Score: 0.00)']","['has_hyperonym, vasca, grande recipiente spesso affondato nel terreno  per raccogliere acqua o altri liquidi. (Score: 0.00)']",0,-0.33,['contenitore'],[],[]
Civitavecchia,1,1,0.0,0.0,0,NP#2368,NP#45714,[FALLBACK] ,[FALLBACK] ,[],[],0,0,[],[],[]
classificazione,1,1,0.04793334297115804,0.04793334297115804,0,N#1338,N#7560,indica la tipologia ed il grado di bontà e di affidabilità  per le navi e talvolta anche per imbarcazioni da diporto di considerevole dimensione e pregio  e  determinato da funzionari del registro navale in italia il rina ,atto del classificare,[],"['xpos_near_synonym, classificare, dividere in classi. (Score: 0.00)', ""has_hyperonym, azione, l'operare  l'agire consapevolmente. (Score: 0.00)""]",0,0,[],[],[]
coffa,1,1,-0.1,-0.43000000000000005,0,N#460,N#25906,piattaforma circolare o semicircolare posta sulla cima degli alberi degli antichi velieri o di moderne imbarcazioni di grandi dimensioni,[FALLBACK] superficie piana su cui si collocano macchine per vari usi,"['has_hyperonym, parte, ciascuno degli elementi o delle parti in cui è diviso un tutto. (Score: 0.00)']","['has_hyperonym, piattaforma, superficie piana su cui si collocano macchine per vari usi (Score: 0.00)']",0,-0.33,['parte'],[],[]
cogliere,1,4,0.10106587557208112,-0.5589341244279189,0,V#1351,V#36581,"raccogliere le cime ripiegandole con successive spire concentriche si usa soprattutto cogliere le manovre correnti scotte  drizze  etc per tenerle in ordine sulla coperta
",cogliere di sorpresa o in flagrante,"['near_synonym, abbisciare, avvolgere un cavo od una catena  ad ampie spire  in modo che possano svolgersi liberamente e scorrere senza impedimenti.   (Score: 0.00)', 'has_hyperonym, manovrare, far funzionare attrezzature o strumenti per la navigazione mediante le operazioni o i movimenti necessari.  (Score: 0.00)']","[""has_hyperonym, compire, compiere un'azione. (Score: 0.00)""]",0,-0.66,"['abbisciare', 'manovrare']",[],[]
collidere,1,1,0.0,-0.66,0,V#339,V#37355,urtare fortuitamente,cozzare violentemente contro qlco detto spec di autoveicoli,"['xpos_near_synonym, investimento, urto tra due navi o imbarcazioni. (Score: 0.00)', 'has_hyperonym, abbordare, investire bordo contro bordo  di punta  per fianco. (Score: 0.00)']","['has_hyperonym, cozzare, No Gloss (Score: 0.00)', 'has_hyponym, bicciare, cozzare di animalli con le corna (Score: 0.00)']",0,-0.66,"['investimento', 'abbordare']",[],[]
investimento,1,3,0.0,-0.66,0,N#1352,N#24057,urto tra due navi o imbarcazioni,impiego di denaro,"['near_synonym, abbordaggio, urto volontario o collisione accidentale tra imbarcazioni (Score: 0.00)', 'xpos_near_synonym, collidere, urtare fortuitamente. (Score: 0.00)']","[""has_hyperonym, azione, l'operare  l'agire consapevolmente. (Score: 0.00)"", 'has_hyponym, venture_capital, investimento a rischio elevato (Score: 0.00)']",0,-0.66,"['abbordaggio', 'collidere']",[],[]
collo,3,2,0.12463655010544364,-0.5353634498945564,0,N#480,N#5288,balla  involto di merce di grosse dimensioni  per metonimia da  collo  oggetto che si appoggia sul collo,la parte del vestito che sta attorno al collo,"['has_hyperonym, collo, bagaglio da trasportare (Score: 0.00)', 'has_hyponym, collo pesante, No Gloss (Score: 0.00)']","['has_hyperonym, partizione, ciascuna delle porzioni o degli elementi in cui è diviso un tutto (Score: 0.00)', 'has_hyponym, gorgiera, No Gloss (Score: 0.00)', 'has_hyponym, solino, No Gloss (Score: 0.00)']",0,-0.66,"['collo', 'collo pesante']",[],[]
collo,4,3,0.12631460871586422,0.12631460871586422,0,N#1350,N#7058,"giro completo di una cima attorno ad un punto fisso  normalmente una bitta  per bloccarla
",estremità allungata di un recipiente,[],"['has_hyperonym, testata, la parte estrema di qualcosa (Score: 0.00)']",0,0,[],[],[]
contagiri,1,1,0.1171379783427297,0.1171379783427297,0,N#1355,N#8480,"strumento  meccanico od elettronico  per la misurazione del numero di rivoluzioni dell albero motore giri del motore 
",dispositivo per contare il numero di giri compiuti in un intervallo di tempo da un corpo rotante intorno a un asse,[],"['has_hyperonym, ordigno, meccanismo atto a compiere un certo lavoro  meccanismo atto a compiere un dato lavoro. (Score: 0.00)']",0,0,[],[],[]
contraliseo,1,1,0.08836421649960333,-0.2416357835003967,0,N#841,N#11942,vento di direzione opposta all aliseo,[FALLBACK] spostamento di masse d'aria atmosferiche dovuto a differenza di temperatura o di pressione  spostamento di masse d'aria atmosferiche causato da differenze di temperatura o di pressione,"[""has_xpos_hyperonym, vento costante, vento che mantiene inalterata la direzione di provenienza e l'intensità. (Score: 0.00)""]","[""has_hyperonym, aria, spostamento di masse d'aria atmosferiche dovuto a differenza di temperatura o di pressione  spostamento di masse d'aria atmosferiche causato da differenze di temperatura o di pressione (Score: 0.00)""]",0,-0.33,['vento costante'],[],[]
Copenhagen,1,1,0.0,0.0,0,NP#1046,NP#46361,[FALLBACK] ,[FALLBACK] ,[],[],0,0,[],[],[]
corallina,1,1,-0.1,-0.43000000000000005,0,N#1946,N#18887,nave attrezzata per la pesca del corallo,[FALLBACK] piccola imbarcazione a remi a vela o a motore.,"['has_hyperonym, nave, imbarcazione di una certa grandezza che  fornita di adeguati mezzi di propulsione  è adibita al trasporto di persone e merci o che  opportunamente attrezzata e armata  è impiegata in attività belliche.  (Score: 0.00)']","['has_hyperonym, barca, piccola imbarcazione a remi a vela o a motore. (Score: 0.00)']",0,-0.33,['nave'],[],[]
Corinto,1,1,0.0,0.0,0,NP#2171,NP#47197,[FALLBACK] ,[FALLBACK] ,[],[],0,0,[],[],[]
Cork,1,1,0.0,0.0,0,NP#1047,NP#46090,[FALLBACK] ,[FALLBACK] ,[],[],0,0,[],[],[]
coronamento,1,3,0.0,0.0,0,N#1363,N#25171,"bordo superiore o ringhiera battagliola di poppa dell imbarcazione
",motivo con cui termina una costruzione,[],"['has_hyperonym, elemento_architettonico, No Gloss (Score: 0.00)']",0,0,[],[],[]
corsaro,1,1,0.0,0.0,0,AG#1277,AG#44447,[FALLBACK] ,relativo ai corsari e alla guerra di corsa,[],"['has_hyperonym, inerente, No Gloss (Score: 0.00)']",0,0,[],[],[]
crocetta,1,1,0.0,0.0,0,N#1367,N#13126,"barra fissata perpendicolamente all albero  a diverse altezze  nel senso trasversale dell imbarcazione  all estremità della quale passano le sartie laterali che sostengono
l albero stesso 
",pianta erbacea da foraggio,[],"['has_hyperonym, vegetale, nome generico di ogni vegetale arboreo  arbustaceo o erbaceo (Score: 0.00)']",0,0,[],[],[]
Crotone,1,1,0.0,0.0,0,NP#2369,NP#45749,[FALLBACK] ,[FALLBACK] ,[],[],0,0,[],[],[]
cubia,1,1,0.09715723550420353,0.09715723550420353,0,N#854,N#4818,foro praticato nello scafo che permette il passaggio della catena dell ancora nelle navi si trovano lateralmente da due a quattro cubie,foro nella murata di una nave per il passaggio di cavi e catene,[],"[""has_hyperonym, bucatura, un'apertura attraverso qualcosa (Score: 0.00)""]",0,0,[],[],[]
Dakar,1,1,0.0,0.0,0,NP#1049,NP#47778,[FALLBACK] ,[FALLBACK] ,[],[],0,0,[],[],[]
dandy,1,1,0.09349477497536715,-0.23650522502463286,0,N#371,N#5516,cutter che a poppa porta un piccolo albero con una randa,giovane uomo che cura eccessivamente la propria eleganza e fa il galante con le donne,"[""has_hyperonym, cutter, piccolo veliero originario dell'Inghilterra. (Score: 0.00)""]","['has_hyperonym, giovane, persona non vecchia (né matura) (Score: 0.00)']",0,-0.33,['cutter'],[],[]
dente di cane,1,1,0.045573612711752684,0.045573612711752684,0,N#1374,N#50281,"incrostazione calcarea che si forma sulla carena delle imbarcazioni ad opera di un organismo marino
",erba bulbosa che cresce nei boschi dell europa meridionale,[],"['has_hyperonym, erba, ogni pianta il cui fusto rimane verde e tenero senza diventare legnoso (Score: 0.00)']",0,0,[],[],[]
depressione,1,7,0.027825168741424402,-0.30217483125857564,0,N#959,N#621,area di bassa pressione atmosferica con il valore minimo al centro si producono rapidamente e sono accompagnate da maltempo e spesso da tempeste ai tropici possono dar luogo ai cicloni,zona in cui si è verificata un abbassamento o depressione naturale del terreno,"[""has_hyperonym, pressione atmosferica, pressione esercitata dai gas atmosferici sull'unità di superficie orizzontale al suolo. Si misura in atmosfere  bar e millibar. (Score: 0.00)""]","['has_hyperonym, zona, una particolare regione geografica con proprie caratteristiche fisiche  naturali  culturali (Score: 0.00)', 'has_hyponym, doccia, depressione che si trova su alcune ossa (Score: 0.00)']",0,-0.33,['pressione atmosferica'],[],[]
deriva,2,2,-0.019407984455818914,-1.3394079844558189,0,N#114,N#30310,[FALLBACK] lama abbastanza stretta e profonda che sostiene alla sua estremità più profonda un pesante bulbo a forma di siluro  che consente di accrescere la spinta di addrizzamento dello scafo.  ,[FALLBACK] dispositivo che rende stabile o più stabile un insieme  un sistema.,"['has_hyponym, deriva a bulbo, lama abbastanza stretta e profonda che sostiene alla sua estremità più profonda un pesante bulbo a forma di siluro  che consente di accrescere la spinta di addrizzamento dello scafo.   (Score: 0.00)', ""has_hyponym, deriva mobile, lama di deriva detrattile per diminuire l'immersione della chiglia. (Score: 0.00)"", 'has_hyponym, deriva olimpica, deriva tipica delle piccole imbarcazioni per la vela agonistica che competono nelle Giochi Olimpici.   (Score: 0.00)', 'has_hyponym, deriva zavorrata, termine generico per indicare una chiglia profonda e pesante.  (Score: 0.00)']","['has_hyperonym, stabilizzatore, dispositivo che rende stabile o più stabile un insieme  un sistema. (Score: 0.00)']",0,-1.32,"['deriva a bulbo', 'deriva mobile', 'deriva olimpica', 'deriva zavorrata']",[],[]
destinazione,2,1,0.0,-0.33,0,N#2400,N#9925,punto di arrivo di un imbarcazione  per es un traghetto,atto del destinare,"['has_hyperonym, traguardo, punto che si vuole raggiungere (Score: 0.00)']","['xpos_near_synonym, sancire, stabilire  ordinare per mezzo di un decreto. (Score: 0.00)', ""has_hyperonym, azione, l'operare  l'agire consapevolmente. (Score: 0.00)""]",0,-0.33,['traguardo'],[],[]
disalberare,1,1,0.0463210523454799,0.0463210523454799,0,V#1437,V#33352,"smontare gli alberi di un veliero per manutenzione si dice anche nel caso in cui l alberatura venga spezzata dal vento o da avarie di diversa natura 
",privare una nave degli alberi,[],"['has_hyperonym, privare, lasciare senza  rendere privo o sprovvisto di qualcosa. (Score: 0.00)']",0,0,[],[],[]
disarmare,2,1,-0.1,-0.1,0,V#774,V#35740,togliere dalla loro posizione di lavoro tutte le cime e le manovre non fisse  per stivarle e proteggerle dai furti e dalle intemperie,[FALLBACK] rendere minore in quantità o in intensità.,[],"['xpos_near_synonym, disarmo, atto del disarmare. (Score: 0.00)', 'has_hyperonym, minorare, rendere minore in quantità o in intensità. (Score: 0.00)']",0,0,[],[],[]
disarmo,1,1,0.0,0.0,0,N#781,N#25892,stato in cui si trova un imbarcazione quando è priva degli strumenti necessari alla navigazione o  più specificatamente  al combattimento,atto del disarmare,[],"['xpos_near_synonym, disarmare, No Gloss (Score: 0.00)', ""has_hyperonym, azione, l'operare  l'agire consapevolmente. (Score: 0.00)""]",0,0,[],[],[]
disincagliare,1,1,0.04001620343163789,0.04001620343163789,0,V#1439,V#38501,"liberare una imbarcazione la cui chiglia si è posata o incastrata in una secca o su un bassofondo 
",[FALLBACK] causare un cambiamento in un processo o uno stato (seguito da un infinito).,[],"['xpos_near_synonym, disincaglio, No Gloss (Score: 0.00)', 'has_hyperonym, fare, causare un cambiamento in un processo o uno stato (seguito da un infinito). (Score: 0.00)']",0,0,[],[],[]
Doha,1,1,0.0,0.0,0,NP#1050,NP#48620,[FALLBACK] ,[FALLBACK] ,[],[],0,0,[],[],[]
doppiare,1,2,0.06481137206049675,-0.26518862793950326,0,V#1448,V#35415,"passare con un imbarcazione vicino a un punto costiero o a un altra imbarcazione  lasciandoli di poppa scapolare un isola  un promontorio

",rendere maggiore di quantità o di numero,"['has_hyperonym, costeggiare, navigare senza allontanarsi dalla costa. (Score: 0.00)']","['has_hyperonym, intensificare, rendere più grande  più intenso  più numeroso. (Score: 0.00)', 'has_hyponym, riaccrescere, accrescere di nuovo (Score: 0.00)', 'has_hyponym, rilanciare, offrire una somma più alta  alzare la posta in un gioco e sim. (Score: 0.00)']",0,-0.33,['costeggiare'],[],[]
Dordrecht,1,1,0.0,0.0,0,NP#1051,NP#46775,[FALLBACK] ,[FALLBACK] ,[],[],0,0,[],[],[]
Douglas,2,1,0.0,0.0,0,NP#1986,NP#47940,capitano della marina britannica che nel 1921 mise a punto la scala per la misurazione dello stato del mare,[FALLBACK] ,[],[],0,0,[],[],[]
Dover,1,1,0.0,0.0,0,NP#1053,NP#48336,[FALLBACK] ,[FALLBACK] ,[],[],0,0,[],[],[]
draglia,1,1,0.0,-0.33,0,N#1406,N#15205,"nelle imbarcazioni da diporto identifica un cavo d acciaio che viene sostenuto dai candelieri a formare la battagliola
",[FALLBACK] ,"['has_hyperonym, corda, prodotto flessibile per legare e assicurare (Score: 0.00)']","['has_hyperonym, cavetto, No Gloss (Score: 0.00)']",0,-0.33,['corda'],[],[]
Drammen,1,1,0.0,0.0,0,NP#1054,NP#48133,[FALLBACK] ,[FALLBACK] ,[],[],0,0,[],[],[]
drizzare,1,2,0.0,-0.33,0,V#1846,V#40514,manovrare le drizze,detto di animali  sollevare rendere irto il pelo per paura o minaccia,"['has_hyperonym, manovrare, far funzionare attrezzature o strumenti per la navigazione mediante le operazioni o i movimenti necessari.  (Score: 0.00)']","[""has_hyperonym, rizzare, volgere verso l'alto. (Score: 0.00)""]",0,-0.33,['manovrare'],[],[]
Dubai,1,1,0.0,0.0,0,NP#1131,NP#45706,[FALLBACK] ,[FALLBACK] ,[],[],0,0,[],[],[]
Dublino,1,1,0.0,0.0,0,NP#2417,NP#45958,[FALLBACK] ,[FALLBACK] ,[],[],0,0,[],[],[]
Dundee,1,1,0.0,0.0,0,NP#1138,NP#47543,porto della scozia,[FALLBACK] ,[],[],0,0,[],[],[]
Dunkerque,1,1,0.0,0.0,0,NP#1139,NP#48266,[FALLBACK] ,[FALLBACK] ,[],[],0,0,[],[],[]
Durazzo,1,1,0.0,0.0,0,NP#1140,NP#47774,[FALLBACK] ,[FALLBACK] ,[],[],0,0,[],[],[]
Durban,1,1,0.0,0.0,0,NP#1141,NP#45909,[FALLBACK] ,[FALLBACK] ,[],[],0,0,[],[],[]
Eleusi,1,1,0.0,0.0,0,NP#1142,NP#48176,[FALLBACK] ,[FALLBACK] ,[],[],0,0,[],[],[]
eliografo,1,1,0.07397129483465995,0.07397129483465995,0,N#2554,N#23997,strumento per la misura dell eliofania,cannocchiale astronomico che si usa per fotografare il sole,[],"['has_hyperonym, cannocchiale, strumento ottico tubolare  dotato di un obiettivo e usato per osservare ingranditi oggetti distanti. (Score: 0.00)']",0,0,[],[],[]
Emden,1,1,0.0,0.0,0,NP#1143,NP#46307,[FALLBACK] ,[FALLBACK] ,[],[],0,0,[],[],[]
equatore,1,1,0.030174834989844294,-0.6298251650101557,0,N#117,N#24023,"circolo massimo della sfera terreste perpendicolare all asse di rotazione  coincide col parallelo 0°
",linea che rappresenta la massima circonferenza della terra e la divide in due emisferi uguali  il luogo geometrico dei punti a latitudine zero ,"[""has_hyperonym, latitudine, linea immaginaria che percorre il globo parallelamente all'equatore (Score: 0.00)"", ""has_hyponym, equatore celeste, proiezione dell'equatore terrestre sulla Sfera Celeste  cioè intersezione della sua superficie ideale col prolungamento del piano dell'equatore.   (Score: 0.00)""]","['has_hyperonym, cerchio, circonferenza  perimetro (Score: 0.00)']",0,-0.66,"['latitudine', 'equatore celeste']",[],[]
equipaggio,1,2,0.0,-0.33,0,N#182,N#25109,costituito dal comandante  dagli ufficiali e da tutte le altre persone arruolate per il servizio della nave ,[FALLBACK] ,"['has_hyperonym, insieme, la totalità  persone o animali o cose radunate insieme (Score: 0.00)']","['has_hyperonym, carrozza, No Gloss (Score: 0.00)']",0,-0.33,['insieme'],[],[]
Europa,1,3,0.0,0.0,0,NP#2632,NP#45757,[FALLBACK] ,satellite di giove,[],[],0,0,[],[],[]
falegnameria,1,2,0.0,-0.33,0,N#2204,N#24585,nelle imbarcazioni è l insieme delle opere in legno,il laboratorio  la bottega del falegname,"['has_hyperonym, insieme, la totalità  persone o animali o cose radunate insieme (Score: 0.00)']","['has_hyperonym, bottega, officina di artigiano (Score: 0.00)']",0,-0.33,['insieme'],[],[]
falla,1,1,-0.1,-0.1,0,N#183,N#4614,apertura nella carena di una imbarcazione  causata da un incidente  dalla quale entra acqua di mare nello scafo,[FALLBACK] passaggio aperto  varco.,[],"['has_hyperonym, sbocco, passaggio aperto  varco. (Score: 0.00)']",0,0,[],[],[]
Felixstowe,1,1,0.0,0.0,0,NP#1144,NP#47860,[FALLBACK] ,[FALLBACK] ,[],[],0,0,[],[],[]
Ferrol,1,1,0.0,0.0,0,NP#1145,NP#48361,[FALLBACK] ,[FALLBACK] ,[],[],0,0,[],[],[]
fianco,1,1,-0.05,-0.7100000000000001,0,N#462,N#30289,[FALLBACK] lato dell'imbarcazione dal quale viene il vento  lato sopravvento.,la parte laterale del corpo,"['has_hyperonym, parte, ciascuno degli elementi o delle parti in cui è diviso un tutto. (Score: 0.00)', ""has_hyponym, orza, lato dell'imbarcazione dal quale viene il vento  lato sopravvento. (Score: 0.00)""]","['near_synonym, anca, regione anatomica comprendente la parte laterale posteriore del bacino e la parte laterale superiore della coscia (Score: 0.00)', 'has_hyperonym, parte_anatomica, parte del corpo (Score: 0.00)']",0,-0.66,"['parte', 'orza']",[],[]
fiera,1,2,0.05829838357709693,0.05829838357709693,0,N#2080,N#19944,grande mostra mercato nazionale o internazionale che si tiene periodicamente in una determinata località e che riguarda tutti o solo alcuni settori produttivi,festa spesso religiosa e mercato,[],"['has_hyperonym, evento, fatto già accaduto o che può accadere. (Score: 0.00)', 'has_hyponym, sacra, festa popolare (Score: 0.00)']",0,0,[],[],[]
Filadelfia,1,1,0.0,0.0,0,NP#2163,NP#47630,[FALLBACK] ,[FALLBACK] ,[],[],0,0,[],[],[]
filare,1,1,-0.025317674449702565,-0.3553176744497026,0,V#191,V#35728,"lasciare scorrere una cima  un cavo o una catena controllandone lo scorrimento  con riferimento alla sagola degli antichi solcometri a barchetta con cui si misurava la velocità dell imbarcazione
",[FALLBACK] causare un cambiamento in un processo o uno stato (seguito da un infinito).,"['has_hyperonym, manovrare, far funzionare attrezzature o strumenti per la navigazione mediante le operazioni o i movimenti necessari.  (Score: 0.00)']","['has_hyperonym, fare, causare un cambiamento in un processo o uno stato (seguito da un infinito). (Score: 0.00)']",0,-0.33,['manovrare'],[],[]
finale,1,2,0.0,0.0,0,N#2103,N#29652,[FALLBACK] ,la parte conclusiva,[],"['has_hyperonym, partizione, ciascuna delle porzioni o degli elementi in cui è diviso un tutto (Score: 0.00)']",0,0,[],[],[]
Fiume,1,1,0.0,0.0,0,NP#2340,NP#48488,[FALLBACK] ,[FALLBACK] ,[],[],0,0,[],[],[]
Fiumicino,1,1,0.0,0.0,0,NP#2371,NP#46447,[FALLBACK] ,[FALLBACK] ,[],[],0,0,[],[],[]
Fleetwood,1,1,0.0,0.0,0,NP#1146,NP#48485,[FALLBACK] ,[FALLBACK] ,[],[],0,0,[],[],[]
Formia,1,1,0.0,0.0,0,NP#2372,NP#47848,[FALLBACK] ,[FALLBACK] ,[],[],0,0,[],[],[]
forza,1,3,0.0,0.0,0,N#1988,N#10463,intensità del vento espressa secondo i gradi della scala beaufort  lo stato del mare considerato in relazione al vento ed espresso con i gradi della stessa scala,gruppo militare,[],"[""has_hyperonym, unità, gruppo di soldati impiegato in una qualche operazione di guerra vigilanza o incarico d'onore. (Score: 0.00)""]",0,0,[],[],[]
frangente,1,1,0.0,-0.33,0,N#1495,N#16099,onda del mare che  in corrispondenza di bassifondi o scogli affioranti  rompe in spuma e spruzzi,situazione difficile o dolorosa,"[""has_hyperonym, onda, oscillazione dell'acqua nel mare  prodotta da una forza esterna (tipicamente il vento) che ne perturba l'equilibrio. A seconda della forza del vento la superficie del mare assume forme progressivamente più ripide e movimentate.  (Score: 0.00)""]","['has_hyperonym, situazione, stato  condizione  insieme di circostanze (Score: 0.00)']",0,-0.33,['onda'],[],[]
Fredericia,1,1,0.0,0.0,0,NP#1147,NP#47079,[FALLBACK] ,[FALLBACK] ,[],[],0,0,[],[],[]
Frederikshavn,1,1,0.0,0.0,0,NP#1148,NP#47685,[FALLBACK] ,[FALLBACK] ,[],[],0,0,[],[],[]
Freetown,1,1,0.0,0.0,0,NP#1149,NP#47757,[FALLBACK] ,[FALLBACK] ,[],[],0,0,[],[],[]
Freja,1,1,0.0,0.0,0,NP#1048,NP#47649,[FALLBACK] ,[FALLBACK] ,[],[],0,0,[],[],[]
frequenza,1,3,0.0,-2.31,0,N#2304,N#6930,periodicità con cui un fatto o un fenomeno accade o si ripete,il frequentare,"['has_hyponym, 6 partenze per settimana., No Gloss (Score: 0.00)', 'has_hyponym, ogni settimana, No Gloss (Score: 0.00)', 'has_hyponym, periodo estivo: fino a 2 partenze giornaliere., No Gloss (Score: 0.00)', 'has_hyponym, periodo estivo: fino a 3 partenze giornaliere., No Gloss (Score: 0.00)', 'has_hyponym, periodo estivo: fino a 3/4 partenze giornaliere., No Gloss (Score: 0.00)', 'has_hyponym, periodo estivo: giornaliero (bigiornaliero il fine settimana), No Gloss (Score: 0.00)', 'has_hyponym, periodo invernale: 5/6 partenze per settimana, No Gloss (Score: 0.00)']","[""has_hyperonym, azione, l'operare  l'agire consapevolmente. (Score: 0.00)""]",0,-2.31,"['6 partenze per settimana.', 'ogni settimana', 'periodo estivo: fino a 2 partenze giornaliere.', 'periodo estivo: fino a 3 partenze giornaliere.', 'periodo estivo: fino a 3/4 partenze giornaliere.', 'periodo estivo: giornaliero (bigiornaliero il fine settimana)', 'periodo invernale: 5/6 partenze per settimana']",[],[]
gala,1,1,0.11021770385545224,-0.8797822961445477,0,N#1825,N#9820,festone con bandiere nazionali e da segnali teso fra la prua la alberatura e la poppa in segno di festa o per onorare una nave straniera,festa  serata di gala,"[""has_hyponym, gran pavese, gala formata da un festone di bandiere nazionali intercalate in testa d'albero dalla bandiera della nazione a cui si vuole rendere onore. (Score: 0.00)"", 'has_hyponym, pavese elettrico, gala di lampadine  proprio in origine solo delle navi da guerra. (Score: 0.00)', 'has_hyponym, piccolo pavese, disposizione delle sole bandiere nazionali per ogni albero escluso il bompresso. (Score: 0.00)']","['has_hyperonym, serata, festa serale (Score: 0.00)']",0,-0.99,"['gran pavese', 'pavese elettrico', 'piccolo pavese']",[],[]
Gand,1,1,0.0,0.0,0,NP#1150,NP#47045,[FALLBACK] ,[FALLBACK] ,[],[],0,0,[],[],[]
Genova,1,1,0.0,0.0,0,NP#2373,NP#46866,[FALLBACK] ,[FALLBACK] ,[],[],0,0,[],[],[]
ghibli,1,1,0.10595347124518428,-0.22404652875481573,0,N#2518,N#26643,"forte vento  dovuto alle basse pressioni mediterranee e alle alte pressioni sahariane  che spira dall’africa verso il mediterraneo specialmente in maggio e settembre  causando aumento della temperatura e diminuzione dell’umidità
",vento caldo e secco che soffia sull africa settentrionale,"['has_hyperonym, venti locali del Mediterraneo, venti tipici delle regioni del Mediterraneo. (Score: 0.00)']","[""has_hyperonym, aria, spostamento di masse d'aria atmosferiche dovuto a differenza di temperatura o di pressione  spostamento di masse d'aria atmosferiche causato da differenze di temperatura o di pressione (Score: 0.00)""]",0,-0.33,['venti locali del Mediterraneo'],[],[]
Gibuti,1,1,0.0,0.0,0,NP#1152,NP#46244,[FALLBACK] ,[FALLBACK] ,[],[],0,0,[],[],[]
Gioia_Tauro,1,1,0.0,0.0,0,NP#2374,NP#46922,[FALLBACK] ,[FALLBACK] ,[],[],0,0,[],[],[]
girare,2,1,0.0022151348137719323,-0.32778486518622807,0,V#1975,V#38938,[FALLBACK] è il girare del vento  assumendo una direzione più favorevole alla navigazione a vela  ad esempio passando dalla bolina stretta alla bolina larga  oppure consentendo di orzare per avvicinare maggiormente la prua al vento.,condurre qc verso altra direzione anche nella direzione opposta  indietro,"['has_hyponym, ridondare, è il girare del vento  assumendo una direzione più favorevole alla navigazione a vela  ad esempio passando dalla bolina stretta alla bolina larga  oppure consentendo di orzare per avvicinare maggiormente la prua al vento. (Score: 0.00)']","['xpos_near_synonym, giramento, No Gloss (Score: 0.00)', 'xpos_near_synonym, girata, No Gloss (Score: 0.00)', 'has_hyperonym, variare, sottoporre a cambiamento. (Score: 0.00)', 'has_hyponym, gravitare, No Gloss (Score: 0.00)', 'has_hyponym, prillare, No Gloss (Score: 0.00)', 'has_hyponym, rotolarsi, girare più volte su se stesso. (Score: 0.00)', 'has_hyponym, scantonare, No Gloss (Score: 0.00)', 'has_hyponym, turbinare, No Gloss (Score: 0.00)']",0,-0.33,['ridondare'],[],[]
Glasgow,1,1,0.0,0.0,0,NP#1154,NP#48326,[FALLBACK] ,[FALLBACK] ,[],[],0,0,[],[],[]
Golfo_Arabico,1,1,0.0,0.0,0,NP#1198,NP#45582,[FALLBACK] ,[FALLBACK] ,[],[],0,0,[],[],[]
gondola,1,1,-0.06272915277728638,-0.39272915277728637,0,N#170,N#18890,barca a due remi  e di solito a un sol rematore  sottile  lunga  a fondo piatto  con estremità molto rialzate forse dal latino cymbula barchetta o concha conculaconchiglia  o dal greco kuntelas dalle parole kontos corto e helas navicella,[FALLBACK] qualsiasi natante di dimensioni relativamente piccole.,"['has_hyperonym, barca, imbarcazione di piccole dimensioni  a remi  a vela  o a motore aperta o parzialmente pontata. (Score: 0.00)']","['has_hyperonym, imbarcazione, qualsiasi natante di dimensioni relativamente piccole. (Score: 0.00)']",0,-0.33,['barca'],[],[]
Goole,1,1,0.0,0.0,0,NP#1155,NP#46999,[FALLBACK] ,[FALLBACK] ,[],[],0,0,[],[],[]
Goteborg,1,1,0.0,0.0,0,NP#2428,NP#48021,[FALLBACK] ,[FALLBACK] ,[],[],0,0,[],[],[]
Grangemouth,1,1,0.0,0.0,0,NP#1156,NP#47475,[FALLBACK] ,[FALLBACK] ,[],[],0,0,[],[],[]
Great_Yarmouth,1,1,0.0,0.0,0,NP#1157,NP#45846,[FALLBACK] ,[FALLBACK] ,[],[],0,0,[],[],[]
Greenock,1,1,0.0,0.0,0,NP#1158,NP#46349,[FALLBACK] ,[FALLBACK] ,[],[],0,0,[],[],[]
grillo,1,1,0.04823971705792701,0.04823971705792701,0,N#1531,N#18843,maniglione a forma di u  si usa come parte terminale dei cavi d acciaio che ad esso sono fissati con un occhio piombato ed una redancia,insetto nero o bruno  con corpo tozzo  antenne sottili e zampe posteriori adatte al salto il cui maschio produce un suono stridulo caratteristico,[],"['has_hyperonym, insetto, artropode della classe degli Insetti  piccolo animale invertebrato con sei zampe  spesso alato.  (Score: 0.00)']",0,0,[],[],[]
grosso,1,4,0.0,0.0,0,AG#1809,AG#50013,[FALLBACK] ,detto delle acque in piena o agitate da fenomeni atmosferici,[],[],0,0,[],[],[]
pozza,1,2,0.0,0.0,0,N#2621,N#31687,quantità di liquido versato in terra,fossa poco profonda e piena d acqua,[],"['has_hyperonym, bacino, concavità naturale su una superficie (Score: 0.00)', ""has_hyponym, pozzanghera, pozza d'acqua fangosa (Score: 0.00)""]",0,0,[],[],[]
guscio,1,4,0.0,-0.66,0,N#1539,N#49454,lo scafo nudo  cioè l insieme dell ossatura e della carena,tipo di struttura,"[""near_synonym, scafo, tutto il corpo di un'imbarcazione inclusa ossatura e rivestimento. (Score: 0.00)"", 'has_hyperonym, insieme, la totalità  persone o animali o cose radunate insieme (Score: 0.00)']","['has_hyperonym, struttura, cosa costruita (Score: 0.00)']",0,-0.66,"['scafo', 'insieme']",[],[]
Halmstad,1,1,0.0,0.0,0,NP#1159,NP#45920,[FALLBACK] ,[FALLBACK] ,[],[],0,0,[],[],[]
Haugesund,1,1,0.0,0.0,0,NP#1160,NP#47561,[FALLBACK] ,[FALLBACK] ,[],[],0,0,[],[],[]
Helsinki,1,1,0.0,0.0,0,NP#2344,NP#46946,[FALLBACK] ,[FALLBACK] ,[],[],0,0,[],[],[]
Honolulu,1,1,0.0,0.0,0,NP#1161,NP#48364,[FALLBACK] ,[FALLBACK] ,[],[],0,0,[],[],[]
Hudson,1,1,0.0,0.0,0,NP#1313,NP#46768,navigatore  imbarcatosi per conto degli olandesi  esplorò le coste del nord del canada 1611,[FALLBACK] ,[],[],0,0,[],[],[]
Hull,1,1,0.0,0.0,0,NP#1162,NP#47965,[FALLBACK] ,[FALLBACK] ,[],[],0,0,[],[],[]
Ibiza,1,1,0.0,0.0,0,NP#1132,NP#48240,[FALLBACK] ,[FALLBACK] ,[],[],0,0,[],[],[]
idroscalo,1,1,0.0870123495045196,0.0870123495045196,0,N#1567,N#1708,"spazio in mare o in acque interne adibito al decollo e atterraggio di idrovolanti 
",aeroporto per idrovolanti,[],"['has_hyperonym, campo_di_volo, luogo nel quale partono ed arrivano aerei (Score: 0.00)']",0,0,[],[],[]
imbarcarsi,1,2,0.0,-0.33,0,V#55,V#36984,salire a bordo,mettersi in un impresa  in un affare  spec se lungo e difficile,"[""xpos_near_synonym, imbarco, azione dell'imbarcare. (Score: 0.00)""]","['has_hyperonym, disporsi, assumere una determinata posizione o collocazione. (Score: 0.00)']",0,-0.33,['imbarco'],[],[]
imbarcatoio,1,1,0.04604360647426781,0.04604360647426781,0,N#57,N#15111,sovrastruttura della banchina che facilita le operazioni di imbarco e sbarco dei passeggeri,piattaforma trasportabile munita di scala per salire o scendere da una nave,[],"['has_hyperonym, sbarcatoio, struttura portuale in legno  acciaio  cemento e sim. costituita da un ripiano sostenuto da pali o colonne  che si protende dalla riva verso il mare aperto e permette un facile approdo alle imbarcazioni. (Score: 0.00)']",0,0,[],[],[]
imbracare,1,1,0.0931559029058178,0.0931559029058178,0,V#1585,V#33363,legare un oggetto con cavi  catene o reti per alzarlo con una gru ,[FALLBACK] stringere con una fune o simili una cosa o più cose insieme ,[],"['xpos_near_synonym, imbracatura, No Gloss (Score: 0.00)', 'has_hyperonym, avvincere, stringere con una fune o simili una cosa o più cose insieme  (Score: 0.00)']",0,0,[],[],[]
imbrogliare,1,5,0.06655924660794856,-0.2634407533920515,0,V#1587,V#33824,chiudere e raccogliere rapidamente le vele per sottrarle all azione del vento,fare di tutto per ottenere qualcosa,"['has_hyperonym, ammainare, far discendere una vela sospesa ad un cavo facendola scorrere (Score: 0.00)']","[""has_hyperonym, eseguire, essere impegnato in un'attività  un processo. (Score: 0.00)""]",0,-0.33,['ammainare'],[],[]
immergersi,1,4,0.0,0.0,0,V#1602,V#33288,"dicesa sott acqua in apnea o con autorespiratore  effettuata per lavoro sottomarino o per effettuare controlli 
",fig addentrarsi profondamente,[],"['has_hyperonym, penetrare, andare dentro (fig.)  cominciare a capire o conoscere un argomento  una disciplina  ecc. (Score: 0.00)']",0,0,[],[],[]
immersione,1,1,0.0,-0.66,0,N#639,N#7598,misura della distanza verticale tra la parte inferiore della chiglia di uno scafo e il piano di galleggiamento ,l immergere  l immergersi,"['xpos_near_synonym, pescare, termine molto usato nella marineria col significato di ""essere immerso"" relativamente ad uno scafo.  (Score: 0.00)', 'has_hyperonym, grandezza, espressione quantitativa del rapporto fra grandezze omogenee. (Score: 0.00)']","[""xpos_near_synonym, immergere, immergere rapidamente e interamente qualcosa nell'acqua o in altra sostanza liquida. (Score: 0.00)"", 'xpos_near_synonym, tuffarsi, No Gloss (Score: 0.00)', ""has_hyperonym, azione, l'operare  l'agire consapevolmente. (Score: 0.00)"", 'has_hyponym, bagno, immersione di un oggetto in un mezzo (Score: 0.00)']",0,-0.66,"['pescare', 'grandezza']",[],[]
Immingham,1,1,0.0,0.0,0,NP#1163,NP#47376,[FALLBACK] ,[FALLBACK] ,[],[],0,0,[],[],[]
impermeabile,1,1,0.0,-0.33,0,N#1617,N#21435,indumento adatto a proteggere dall acqua ,soprabito o mantella in tessuto che si indossa per ripararsi dalla pioggia,"[""has_hyponym, cerata, indumento impermeabilizzato e ben chiuso per impedire il passaggio dell'acqua  di solito formato da giacca con cappuccio e pantaloni alti o tuta intera. (Score: 0.00)""]","['has_hyperonym, capo_di_vestiario, capo di vestiario (Score: 0.00)', 'has_hyponym, trench, impermeabile sportivo (Score: 0.00)']",0,-0.33,['cerata'],[],[]
impermeabile,1,1,0.0,0.0,0,AG#1618,AG#44287,dicesi di oggetto o contenitore impenetrabile dall acqua ,che non si lascia attraversare da liquidi  impossibile da penetrare,[],"[""near_synonym, stagno, che è a perfetta tenuta d'acqua o d'altro liquido. (Score: 0.00)"", 'has_hyperonym, impossibile, Detto di ciò che non si può realizzare  che non può accadere  che non si può fare. (Score: 0.00)']",0,0,[],[],[]
impiombatura,1,1,-0.07909739075852214,-0.07909739075852214,0,N#1609,N#10726,"sistema tradizionale per unire le estremità di due cime in tessile  intrecciando i legnuoli della cime per una lunghezza ampia in modo da garantire una perfetta tenuta 
",[FALLBACK] azione (o serie di azioni ) che tende a produrre un effetto  che è volta ad un fine.,[],"['xpos_near_synonym, impiombare, No Gloss (Score: 0.00)', 'has_hyperonym, operazione, azione (o serie di azioni ) che tende a produrre un effetto  che è volta ad un fine. (Score: 0.00)']",0,0,[],[],[]
incagliarsi,1,1,0.0,0.0,0,V#1440,V#40012,si dice quando un imbarcazione rimane bloccata su una secca o un bassofondo sabbioso,toccare il fondo con la chiglia,[],"['xpos_near_synonym, incaglio, No Gloss (Score: 0.00)', 'has_hyperonym, toccare, accostare la mano o altra parte del corpo a qc.  a q.c. stabilendo un contatto  sfiorando  premendo. (Score: 0.00)', 'has_hyponym, vararsi, No Gloss (Score: 0.00)']",0,0,[],[],[]
incocciare,1,1,-0.06621329445893553,-0.06621329445893553,0,V#1627,V#37016,"sinonimo marinaresco di agganciare  cioè inserire un gancio o un grillo in un anello o in un occhio di una cima 
",[FALLBACK] colpire inavvertitamente ma con una certa forza.,[],"['has_hyperonym, urtare, colpire inavvertitamente ma con una certa forza. (Score: 0.00)']",0,0,[],[],[]
incrocio,1,4,0.05400418246765695,0.05400418246765695,0,N#1629,N#818,"indica l avvicinamento di due velieri che navigano con mure opposte e su rotte convergenti o quasi
",animale o pianta nati da incrocio di razze,[],"[""has_hyperonym, bestia, nome generico che indica tutti gli animali  tranne l'uomo.  organismo vivente caratterizzato dalla volontarietà del movimento (Score: 0.00)"", 'has_hyperonym, vegetale, nome generico di ogni vegetale arboreo  arbustaceo o erbaceo (Score: 0.00)']",0,0,[],[],[]
indicatore,1,2,0.08340941143953931,0.08340941143953931,0,N#1614,N#22861,strumento o pannello che riporta o ripete una misura velocità  profondità  pressione  etc,strumento per indicare qualcosa,[],"['has_hyperonym, strumento, arnese o dispositivo atto a compiere determinate operazioni (Score: 0.00)']",0,0,[],[],[]
inferire,1,3,0.08095090286810105,-0.579049097131899,0,V#1465,V#32637,"legare le vele all albero o infilarne e far scorrere la ralinga o gratile nell apposita canaletta dell albero e del boma  per distenderle e metterle in posizione di lavoro 
",assicurare  fissare un cavo di rinforzo  di manovra e sim in un alloggiamento,"[""xpos_near_synonym, inferitura, l'atto di inferire una vela. (Score: 0.00)"", 'has_hyperonym, manovrare, far funzionare attrezzature o strumenti per la navigazione mediante le operazioni o i movimenti necessari.  (Score: 0.00)']","[""has_hyperonym, assicurare, legare saldamente una cosa a un'altra con una fune e sim. (Score: 0.00)""]",0,-0.66,"['inferitura', 'manovrare']",[],[]
ingaggio,1,2,0.0,0.0,0,N#1631,N#20810,si  dice quando  in una regata velica  una imbarcazione raggiunge una seconda e ne supera la poppa con la sua prua,contratto per personaggi di spettacolo,[],"[""xpos_near_synonym, arruolare, assumere nell'equipaggio di una nave mercantile. (Score: 0.00)"", 'has_hyperonym, contratto, documento frutto di un accordo tra parti (Score: 0.00)']",0,0,[],[],[]
invasatura,1,1,-0.016590588560460695,-0.3465905885604607,0,N#1632,N#7244,insieme di strutture che sostiene la nave prima e durante il varo,[FALLBACK] invasatura di una pianta,"['has_xpos_hyperonym, situare, porre  collocare una persona o una cosa in un determinato luogo. (Score: 0.00)']","[""has_hyperonym, azione, l'operare  l'agire consapevolmente. (Score: 0.00)"", 'has_hyponym, invaso, invasatura di una pianta (Score: 0.00)']",0,-0.33,['situare'],[],[]
investire,1,2,0.0,-0.33,0,V#340,V#40700,urtare volontariamente,mettere a frutto capitali,"['has_hyperonym, abbordare, investire bordo contro bordo  di punta  per fianco. (Score: 0.00)']","['has_hyperonym, mettere, mettere in un certo stato  una certa condizione. (Score: 0.00)']",0,-0.33,['abbordare'],[],[]
Ionio,1,1,0.0,0.0,0,NP#1964,NP#47260,[FALLBACK] ,[FALLBACK] ,[],[],0,0,[],[],[]
Ipswich,1,1,0.0,0.0,0,NP#1164,NP#46722,[FALLBACK] ,[FALLBACK] ,[],[],0,0,[],[],[]
isola,1,2,0.03768681980142445,-0.6223131801985756,0,N#2690,N#25992,[FALLBACK] isola composta da una particolare formazione di terra emersa e lagune.,gli abitanti dell isola,"['has_hyperonym, luogo, parte dello spazio occupata o occupabile materialmente o idealmente (Score: 0.00)', 'has_hyponym, atollo, isola composta da una particolare formazione di terra emersa e lagune. (Score: 0.00)']","['has_hyperonym, insieme, la totalità  persone o animali o cose radunate insieme (Score: 0.00)']",0,-0.66,"['luogo', 'atollo']",[],[]
Isole_Ciclopi,1,1,0.0,0.0,0,NP#2589,NP#46489,[FALLBACK] ,[FALLBACK] ,[],[],0,0,[],[],[]
Isole_Egadi,1,1,0.0,0.0,0,NP#2601,NP#46122,[FALLBACK] ,[FALLBACK] ,[],[],0,0,[],[],[]
Isole_Tremiti,1,1,0.0,0.0,0,NP#2591,NP#48610,[FALLBACK] ,[FALLBACK] ,[],[],0,0,[],[],[]
Istanbul,1,1,0.0,0.0,0,NP#1165,NP#46741,[FALLBACK] ,[FALLBACK] ,[],[],0,0,[],[],[]
Kalmar,1,1,0.0,0.0,0,NP#1166,NP#46836,[FALLBACK] ,[FALLBACK] ,[],[],0,0,[],[],[]
Karlstad,1,1,0.0,0.0,0,NP#1167,NP#45538,[FALLBACK] ,[FALLBACK] ,[],[],0,0,[],[],[]
Kiel,1,1,0.0,0.0,0,NP#2455,NP#46335,[FALLBACK] ,[FALLBACK] ,[],[],0,0,[],[],[]
Spezia,1,1,0.0,0.0,0,NP#2377,NP#45514,[FALLBACK] ,[FALLBACK] ,[],[],0,0,[],[],[]
La_Valletta,1,1,0.0,0.0,0,NP#1169,NP#48214,[FALLBACK] ,[FALLBACK] ,[],[],0,0,[],[],[]
lamiera,1,1,-0.1,-0.76,0,N#2072,N#11162,[FALLBACK] ,[FALLBACK] lamiera di ferro,"['has_hyperonym, prodotto siderurgico, No Gloss (Score: 0.00)', 'has_hyponym, lamiera di ferro, No Gloss (Score: 0.00)']","['has_hyperonym, lastra, pezzo di materiale rigido  di poco spessore e in genere rettangolare (Score: 0.00)', 'has_hyponym, banda_stagnata, No Gloss (Score: 0.00)', 'has_hyponym, bandone, lamiera di ferro (Score: 0.00)', 'has_hyponym, lamiera_zincata, No Gloss (Score: 0.00)', 'has_hyponym, lamierino, tipo di lamiera molto sottile (Score: 0.00)', 'has_hyponym, serranda, chiusura di sicurezza per porte e finestre (Score: 0.00)']",0,-0.66,"['prodotto siderurgico', 'lamiera di ferro']",[],[]
lancia,1,4,0.1216033147861901,-0.5383966852138099,0,N#1339,N#24022,"battello a remi o a motore utilizzato per fare la spola tra una nave o un imbarcazione e la costa nel linguaggio marinaro si chiama anche scialuppa
",imbarcazione a remi leggera e veloce,"['has_hyperonym, battello, piccola imbarcazione a remi o a motore adibita a vari usi specifici. (Score: 0.00)', 'has_hyponym, barca di salvataggio, imbarcazione ausiliaria  in genere di piccole dimensioni  tenuta a bordo per casi di emergenza. (Score: 0.00)']","['has_hyperonym, imbarcazione, qualsiasi natante di dimensioni relativamente piccole. (Score: 0.00)']",0,-0.66,"['battello', 'barca di salvataggio']",[],[]
lanciarazzi,1,2,0.09349477497536716,-0.23650522502463284,0,N#1340,N#15566,particolare pistola per lanciare razzi,dispositivo per il lancio di proiettili a reazione,"['has_hyperonym, pistola, arma da fuoco corta  che si maneggia con una sola mano. (Score: 0.00)']","['has_hyperonym, ordigno, meccanismo atto a compiere un certo lavoro  meccanismo atto a compiere un dato lavoro. (Score: 0.00)']",0,-0.33,['pistola'],[],[]
landa,1,1,0.039242701513078286,0.039242701513078286,0,N#1635,N#5070,"piastra di acciaio alla quale si fissa il capo inferiore del sartiame che sostiene l albero laterale  a prua e a poppa 
",conca arida  sabbiosa  bordata di dune  tipica della francia meridionale,[],"['has_hyperonym, bacino, concavità naturale su una superficie (Score: 0.00)']",0,0,[],[],[]
faro,1,3,0.0735747461058951,-0.9164252538941049,0,N#185,N#51463,il faro del porto  il termine faro deriva dall isola di pharos  dove fu eretto nel 300 ac il primo e più celebre fanale dell antichità  a segnalare l entrata al porto di alessandria d egitto,guida spirituale  punto di riferimento,"['has_hyperonym, segnale marittimo luminoso, No Gloss (Score: 0.00)', 'has_hyponym, faro a lampi, tipo più comune di faro. (Score: 0.00)', ""has_hyponym, radio-faro, emette segnali radio di frequenza specifici e diversificati che ne consentono l'identificazione. (Score: 0.00)""]","['has_hyperonym, uomo, essere umano (Score: 0.00)']",0,-0.99,"['segnale marittimo luminoso', 'faro a lampi', 'radio-faro']",[],[]
larghezza,1,1,0.0,0.0,0,N#1636,N#11632,"distanza tra i due punti estremi della sezione maestra cioè della parte più larga della coperta  includendo il fasciame 
",l ampiezza di qualcosa da un lato all altro,[],"['xpos_near_synonym, esteso, Grande in estensione  vasto. (Score: 0.00)', 'xpos_near_synonym, largo, esteso in larghezza (Score: 0.00)', 'has_hyperonym, estensione, il livello di estensione (Score: 0.00)']",0,0,[],[],[]
Larne,1,1,0.0,0.0,0,NP#1170,NP#47336,[FALLBACK] ,[FALLBACK] ,[],[],0,0,[],[],[]
Las_Palmas,1,1,0.0,0.0,0,NP#1171,NP#47213,[FALLBACK] ,[FALLBACK] ,[],[],0,0,[],[],[]
Le_Havre,1,1,0.0,0.0,0,NP#1172,NP#45987,[FALLBACK] ,[FALLBACK] ,[],[],0,0,[],[],[]
legno,1,4,0.1211164737164705,-0.8688835262835295,0,N#1646,N#50324,termine generico per indicare il legname nelle sue diverse forme  molto usato per la costruzione del fasciame di scafi di piccole dimensioni  e per gli arredi,carrozza o calesse per estensione metonimica fig,"['has_hyperonym, materiale, materia  sostanza necessaria per un certo lavoro o per certe attrezzature. (Score: 0.00)', 'has_hyponym, abete, legno particolarmente usato per le alberature delle barche a vela. (Score: 0.00)', ""has_hyponym, barchetta, legno appesantito  fissato a un'estremità della sagola e lasciato in mare come punto di riferimento  usato per calcolare la velocità di una imbarcazione. (Score: 0.00)""]","['near_synonym, calesse, No Gloss (Score: 0.00)', 'near_synonym, carrozza, No Gloss (Score: 0.00)', 'has_hyperonym, mezzo, qualunque mezzo di trasporto (Score: 0.00)']",0,-0.99,"['materiale', 'abete', 'barchetta']",[],[]
Leith,1,1,0.0,0.0,0,NP#1173,NP#46678,[FALLBACK] ,[FALLBACK] ,[],[],0,0,[],[],[]
levante,2,2,0.05399650954704321,-0.2760034904529568,0,N#2517,N#6372,vento fresco e umido di debole intensità che spira da est  principalmente nel periodo estivo  sulla zona di gibilterra,le regioni situate ad est,"['has_hyperonym, venti locali del Mediterraneo, venti tipici delle regioni del Mediterraneo. (Score: 0.00)']","['has_hyperonym, zona, una particolare regione geografica con proprie caratteristiche fisiche  naturali  culturali (Score: 0.00)']",0,-0.33,['venti locali del Mediterraneo'],[],[]
Limerick,1,1,0.0,0.0,0,NP#1188,NP#45573,[FALLBACK] ,[FALLBACK] ,[],[],0,0,[],[],[]
Lisbona,1,1,0.0,0.0,0,NP#660,NP#47627,[FALLBACK] ,capitale del portogallo,[],[],0,0,[],[],[]
Liverpool,1,1,0.0,0.0,0,NP#1189,NP#46845,[FALLBACK] ,[FALLBACK] ,[],[],0,0,[],[],[]
Livorno,1,1,0.0,0.0,0,NP#121,NP#47742,[FALLBACK] ,[FALLBACK] ,[],[],0,0,[],[],[]
logistica,1,1,0.11835210373947612,-1.531647896260524,0,N#2002,N#16278,"settore che si occupa dell approvvigionamento  della distribuzione dei materiali e dei prodotti finiti  per estensione  disposizione di persone o cose in modo funzionale al raggiungimento di un dato scopo
",settore dell arte militare che organizza le attività riguardanti spostamenti  alloggiamento  rifornimento dei viveri e sim delle forze armate,"['near_synonym, servizio logistico,  La pianificazione  l’esecuzione e il controllo del movimento e del posizionamento di persone e beni  e delle relative attività di supporto  in una impresa (industriale o commerciale). (Score: 0.00)', 'has_hyponym, logistica dei trasporti, No Gloss (Score: 0.00)', 'has_hyponym, logistica di approvvigionamento, gestione dei flussi di materie prime. (Score: 0.00)', 'has_hyponym, logistica distributiva, gestione dei prodotti finiti. (Score: 0.00)', 'has_hyponym, logistica industriale, gestione dei semilavorati. (Score: 0.00)']","['has_hyperonym, ramo, area di conoscenze  campo di studio e specializzazione (Score: 0.00)']",0,-1.6500000000000001,"['servizio logistico', 'logistica dei trasporti', 'logistica di approvvigionamento', 'logistica distributiva', 'logistica industriale']",[],[]
Londonderry,1,1,0.0,0.0,0,NP#1190,NP#45857,[FALLBACK] ,[FALLBACK] ,[],[],0,0,[],[],[]
Londra,1,1,0.0,0.0,0,NP#2421,NP#45891,[FALLBACK] ,[FALLBACK] ,[],[],0,0,[],[],[]
Lowestoft,1,1,0.0,0.0,0,NP#1191,NP#46324,[FALLBACK] ,[FALLBACK] ,[],[],0,0,[],[],[]
Lubecca,1,1,0.0,0.0,0,NP#1192,NP#45516,[FALLBACK] ,[FALLBACK] ,[],[],0,0,[],[],[]
Luderitz,1,1,0.0,0.0,0,NP#1193,NP#47407,[FALLBACK] ,[FALLBACK] ,[],[],0,0,[],[],[]
Madras,1,1,0.0,0.0,0,NP#1194,NP#46234,[FALLBACK] ,[FALLBACK] ,[],[],0,0,[],[],[]
Malaga,1,1,0.0,0.0,0,NP#1195,NP#47010,[FALLBACK] ,[FALLBACK] ,[],[],0,0,[],[],[]
Malmoe,1,1,0.0,0.0,0,NP#1196,NP#45580,[FALLBACK] ,[FALLBACK] ,[],[],0,0,[],[],[]
Manchester,1,3,0.0,0.0,0,NP#2422,NP#46145,[FALLBACK] ,città del new hampshire usa,[],[],0,0,[],[],[]
manovrabile,1,1,0.0,-0.33,0,AG#1382,AG#50097,che si può manovrare,[FALLBACK] ,"['near_synonym, manovriera, dicesi di nave o imbarcazione che ha buone qualità evolutive  cioè che risponde in tempi brevi alle variazioni di direzione e di velocità.  (Score: 0.00)']",[],0,-0.33,['manovriera'],[],[]
manutenzione,1,2,0.10611657709472758,-0.5538834229052725,0,N#1710,N#3042,insieme delle operazioni che periodicamente vanno effettuate alle diverse componenti di un  imbarcazione per conservarne il buono stato  l affidabilità e la sicurezza in navigazione,la tutela del possesso di beni immobili  ottenuta per vie legali,"['has_hyperonym, insieme, la totalità  persone o animali o cose radunate insieme (Score: 0.00)', 'has_hyponym, manutenzione ordinaria, manutenzione periodica a scopo preventivo. (Score: 0.00)']","[""has_hyperonym, tutela, l'atto di proteggere (Score: 0.00)""]",0,-0.66,"['insieme', 'manutenzione ordinaria']",[],[]
Maputo,1,1,0.0,0.0,0,NP#1206,NP#48018,[FALLBACK] ,[FALLBACK] ,[],[],0,0,[],[],[]
Mar dei Caraibi,1,1,0.0,0.0,0,NP#2053,NP#46915,[FALLBACK] ,[FALLBACK] ,[],[],0,0,[],[],[]
Mar dei Sargassi,1,1,0.0,0.0,0,NP#2056,NP#50727,[FALLBACK] ,[FALLBACK] ,[],[],0,0,[],[],[]
Mar_Baltico,1,1,0.0,0.0,0,NP#2059,NP#45854,[FALLBACK] ,[FALLBACK] ,[],[],0,0,[],[],[]
Mar_Cinese_Meridionale,1,1,0.0,0.0,0,NP#2060,NP#47901,[FALLBACK] ,[FALLBACK] ,[],[],0,0,[],[],[]
Mar_Cinese_Orientale,1,1,0.0,0.0,0,NP#2061,NP#46081,[FALLBACK] ,[FALLBACK] ,[],[],0,0,[],[],[]
Mar_dei_Coralli,1,1,0.0,0.0,0,NP#2062,NP#47030,[FALLBACK] ,[FALLBACK] ,[],[],0,0,[],[],[]
Mar_del_Giappone,1,1,0.0,0.0,0,NP#2063,NP#45797,[FALLBACK] ,[FALLBACK] ,[],[],0,0,[],[],[]
Mar_del_Nord,1,1,0.0,0.0,0,NP#2064,NP#46688,[FALLBACK] ,[FALLBACK] ,[],[],0,0,[],[],[]
Mar_di_Sardegna,1,1,0.0,0.0,0,NP#2065,NP#46326,[FALLBACK] ,[FALLBACK] ,[],[],0,0,[],[],[]
Mar_Eussino,1,1,0.0,0.0,0,NP#2066,NP#47011,[FALLBACK] ,[FALLBACK] ,[],[],0,0,[],[],[]
Mar_Giallo,1,1,0.0,0.0,0,NP#2067,NP#47948,[FALLBACK] ,[FALLBACK] ,[],[],0,0,[],[],[]
Mar_Nero,1,1,0.0,0.0,0,NP#2068,NP#46583,[FALLBACK] ,[FALLBACK] ,[],[],0,0,[],[],[]
Mar_Rosso,1,1,0.0,0.0,0,NP#2069,NP#47639,[FALLBACK] ,[FALLBACK] ,[],[],0,0,[],[],[]
marcia,1,6,0.11756050231000172,-0.2124394976899983,0,N#1387,N#6693,"movimento dell imbarcazione dato dalla posizione dell invertitore neutro  avanti o indietro e dell acceleratore lenta  veloce  etc
",il marciare in un certo modo  specialità dell atletica leggera,"[""has_hyperonym, movimento, movimento dell'imbarcazione . (Score: 0.00)""]","['xpos_near_synonym, marciare, camminare a passo uniforme e cadenzato. (Score: 0.00)', 'has_hyperonym, atletica_leggera, insieme di discipline sportive che comprende la corsa  la marcia  il salto  il lancio e le prove multiple come il pentathlon. (Score: 0.00)', 'has_hyperonym, marcia, il marciare. (Score: 0.00)']",0,-0.33,['movimento'],[],[]
mare,2,3,0.0,-0.33,0,N#2728,N#12665,abbondanza  grande quantità  estensione,ampia distesa d erba  di sabbia etc,"['has_hyperonym, quantità, una grande quantità (Score: 0.00)']","['has_hyperonym, estensione, spazio o superficie indefinita ma di grandi dimensioni (Score: 0.00)']",0,-0.33,['quantità'],[],[]
mareggiata,1,1,0.049349675269157595,-0.2806503247308424,0,N#1174,N#9059,"burrasca generata normalmente da forti venti di traversia può essere o meno accompagnata da maltempo  e normalmente si abbatte sulle coste in modo
violento",[FALLBACK] violenta tempesta di mare o di vento.  agitazione violenta della superficie del mare o di un lago  tempo burrascoso  bufera di vento accompagnata da forti precipitazioni.,"['has_hyperonym, burrasca, temporale con forte vento che può produrre un forte moto ondoso  (Score: 0.00)']","['has_hyperonym, fortunale, violenta tempesta di mare o di vento.  agitazione violenta della superficie del mare o di un lago  tempo burrascoso  bufera di vento accompagnata da forti precipitazioni. (Score: 0.00)']",0,-0.33,['burrasca'],[],[]
Mare-Nostrum,1,1,0.0,0.0,0,NP#2055,NP#46524,[FALLBACK] ,[FALLBACK] ,[],[],0,0,[],[],[]
Marina_di_Carrara,1,1,0.0,0.0,0,NP#50,NP#46289,[FALLBACK] ,[FALLBACK] ,[],[],0,0,[],[],[]
marò,2,1,-0.1,-0.43000000000000005,0,N#2717,N#9042,marinaio del corpo speciale anfibio battaglione san marco,[FALLBACK] chi ha scelto la vita militare per professione.,"['has_hyperonym, marinaro, chi presta servizio militare in marina senza alcun grado (Score: 0.00)']","['has_hyperonym, armato, chi ha scelto la vita militare per professione. (Score: 0.00)']",0,-0.33,['marinaro'],[],[]
Marsiglia,1,1,0.0,0.0,0,NP#2145,NP#47922,[FALLBACK] ,[FALLBACK] ,[],[],0,0,[],[],[]
Mascat,1,1,0.0,0.0,0,NP#1207,NP#45811,[FALLBACK] ,[FALLBACK] ,[],[],0,0,[],[],[]
Mazara_del_Vallo,1,1,0.0,0.0,0,NP#1208,NP#47784,[FALLBACK] ,[FALLBACK] ,[],[],0,0,[],[],[]
medico di bordo,1,1,0.0,0.0,0,N#803,N#50532,[FALLBACK] ,medico che svolge il suo lavoro su una nave mercantile o militare,[],"['has_hyperonym, medico, chi esercita la professione medica. (Score: 0.00)']",0,0,[],[],[]
Mercato_Comune_Europeo,1,1,0.0,0.0,0,NP#2354,NP#46117,[FALLBACK] ,[FALLBACK] ,[],[],0,0,[],[],[]
meridiano,1,1,-0.1,-0.1,0,N#1719,N#7290,ciascuno dei circoli massimi della sfera terrestre passanti per i due poli,[FALLBACK] meridiano celeste,[],"['has_hyperonym, circolo, figura geometrica piana limitata da una curva  i cui punti sono equidistanti dal centro. (Score: 0.00)', 'has_hyponym, coluro, meridiano celeste (Score: 0.00)']",0,0,[],[],[]
Messina,1,1,0.0,0.0,0,NP#2448,NP#45816,[FALLBACK] ,[FALLBACK] ,[],[],0,0,[],[],[]
meteorologo,1,1,0.0,0.0,0,N#2576,N#30303,[FALLBACK] ,studioso  esperto di meteorologia,[],"[""has_hyperonym, cultore, chi esercita un'attività intellettuale o ha spiccati interessi culturali. (Score: 0.00)""]",0,0,[],[],[]
Milazzo,1,1,0.0,0.0,0,NP#2379,NP#48636,[FALLBACK] ,[FALLBACK] ,[],[],0,0,[],[],[]
Milford_Haven,1,1,0.0,0.0,0,NP#1209,NP#46030,[FALLBACK] ,[FALLBACK] ,[],[],0,0,[],[],[]
Miramare,1,1,0.0,0.0,0,NP#2592,NP#47375,[FALLBACK] ,[FALLBACK] ,[],[],0,0,[],[],[]
mistral,1,1,0.039298089411018304,-0.2907019105889817,0,N#1262,N#12804,vento molto forte  secco e freddo  proveniente da nordovest  che soffia  soprattutto nei mesi invernali  lungo la valle del rodano fino al golfo del leone,vento tipico di alcune zone della francia,"['has_hyperonym, venti locali del Mediterraneo, venti tipici delle regioni del Mediterraneo. (Score: 0.00)']","[""has_hyperonym, aria, spostamento di masse d'aria atmosferiche dovuto a differenza di temperatura o di pressione  spostamento di masse d'aria atmosferiche causato da differenze di temperatura o di pressione (Score: 0.00)""]",0,-0.33,['venti locali del Mediterraneo'],[],[]
mollare,1,1,0.0,-0.66,0,V#1263,V#34659,sciogliere e rilasciare una cima o una catena,cessare di tenere  di stringere   allentare,"['has_hyperonym, sciogliere, No Gloss (Score: 0.00)', 'has_hyponym, buttare, far cadere verso il basso. (Score: 0.00)']","['xpos_near_synonym, rilascio, il lasciar libero. (Score: 0.00)', ""has_hyperonym, smettere, interrompere volontariamente un'attività o un'azione. (Score: 0.00)"", 'has_hyponym, abbandonare, lasciare andare qualcosa  abbandonando la presa. (Score: 0.00)', 'has_xpos_hyponym, lasco, No Gloss (Score: 0.00)']",0,-0.66,"['sciogliere', 'buttare']",[],[]
Monfalcone,1,1,0.0,0.0,0,NP#1211,NP#46867,[FALLBACK] ,[FALLBACK] ,[],[],0,0,[],[],[]
Monopoli,1,1,0.0,0.0,0,NP#1212,NP#48283,[FALLBACK] ,[FALLBACK] ,[],[],0,0,[],[],[]
monotipo,1,1,0.0326477495804639,-0.2973522504195361,0,N#1723,N#1525,imbarcazione a vela prodotta in serie  realizzata secondo gli standard richiesti per l omologazione nelle varie classi sportive,macchina compositrice che produce un solo carattere per volta e permette la correzione a mano dei singoli caratteri,"['has_hyperonym, barca a vela, No Gloss (Score: 0.00)']","[""has_hyperonym, macchina, qualunque strumento elettrico o meccanico che assiste l'uomo nel suo lavoro. (Score: 0.00)""]",0,-0.33,['barca a vela'],[],[]
monsone,1,1,0.08248746757694693,-0.2475125324230531,0,N#2499,N#17557,vento periodico causato da sbalzo termico tra aree oceaniche e aree continentali che spira dall oceano indiano verso il continente asiatico durante i mesi estivi m di mare e dal continente verso l oceano indiano durante i mesi invernali m di terra,vento periodico caldo e umido,"['has_hyperonym, vento periodico, vento che spira sempre nella stessa direzione  invertendo periodicamente il senso. (Score: 0.00)']","[""has_hyperonym, aria, spostamento di masse d'aria atmosferiche dovuto a differenza di temperatura o di pressione  spostamento di masse d'aria atmosferiche causato da differenze di temperatura o di pressione (Score: 0.00)""]",0,-0.33,['vento periodico'],[],[]
Montego_Bay,1,1,0.0,0.0,0,NP#1213,NP#48570,[FALLBACK] ,[FALLBACK] ,[],[],0,0,[],[],[]
morire,1,3,0.0,-0.66,0,V#2709,V#33565,cessare di esistere,terminare  fermarsi,"['has_hyperonym, accadere, avere luogo (Score: 0.00)', 'has_hyponym, annegare, morire per soffocamento in acqua o altro liquido. (Score: 0.00)']","['has_hyperonym, terminare, avere fine in senso temporale o spaziale. (Score: 0.00)']",0,-0.66,"['accadere', 'annegare']",[],[]
moschettone,1,1,-0.1,-0.1,0,N#1724,N#18388,gancio metallico,[FALLBACK] oggetto di forma circolare o affine  o elemento di forma circolare in un oggetto.,[],"['has_hyperonym, anello, oggetto di forma circolare o affine  o elemento di forma circolare in un oggetto. (Score: 0.00)']",0,0,[],[],[]
movimento,1,5,0.0,-1.9800000000000002,0,N#1386,N#5452,movimento dell imbarcazione ,traffico intenso,"['has_hyponym, abbrivio, moto progressivo iniziale di una imbarcazione dovuta alla sua propulsione o ad altri fattori esterni  quali il vento o la corrente. (Score: 0.00)', ""has_hyponym, beccheggio, movimento oscillatorio longitudinale dell'imbarcazione (Score: 0.00)"", ""has_hyponym, marcia, movimento dell'imbarcazione dato dalla posizione dell'invertitore (neutro  avanti o indietro) e dell'acceleratore (lenta  veloce  etc.).  (Score: 0.00)"", ""has_hyponym, orzata, movimento angolare derivato dall'azione di orzare. (Score: 0.00)"", 'has_hyponym, poggiata, movimento angolare derivato dall\'atto di ""puggiare"". (Score: 0.00)', 'has_hyponym, rollata, oscillazione o sbandata laterale prodotta dal moto del mare. (Score: 0.00)']","['has_hyperonym, traffico, insieme dei pedoni e dei mezzi di trasporto presenti in un luogo (Score: 0.00)']",0,-1.9800000000000002,"['abbrivio', 'beccheggio', 'marcia', 'orzata', 'poggiata', 'rollata']",[],[]
mozzo,1,2,0.0,0.0,0,N#812,N#8823,nell attuale marina mercantile membro dell equipaggio imbarcato come apprendista,giovane marinaio con meno di 24 mesi di imbarco,[],"['has_hyperonym, marittimo, chi svolge la propria attività a bordo di una nave  spec. come membro subalterno di un equipaggio (Score: 0.00)']",0,0,[],[],[]
muoversi,1,2,0.09349477497536716,-0.8965052250246328,0,V#2573,V#33229,muoversi  cambiare la posizione in uno spazio,muoversi lungo un determinato percorso,"['has_hyponym, abbordare, investire bordo contro bordo  di punta  per fianco. (Score: 0.00)', ""has_hyponym, affogare, immergersi troppo nell'acqua. (Score: 0.00)"", ""has_hyponym, navigare, muoversi all'interno di un ipertesto scegliendo un itinerario: navigare in Internet.  (Score: 0.00)""]","['has_hyperonym, muoversi, fare dei movimenti. (Score: 0.00)', ""has_hyponym, circolare, muoversi da un luogo all'altro  detto specialmente dei veicoli nel traffico cittadino. (Score: 0.00)"", ""has_hyponym, correre, (fig.) muoversi d'un tratto verso qlco. (Score: 0.00)"", 'has_hyponym, pedalare, muoversi usando la bicicletta come mezzo di trasporto  andare in bicicletta. (Score: 0.00)', 'has_hyponym, volare, (fig.) muoversi con moto rapidissimo. (Score: 0.00)']",0,-0.99,"['abbordare', 'affogare', 'navigare']",[],[]
Nacala,1,1,0.0,0.0,0,NP#1214,NP#46772,[FALLBACK] ,[FALLBACK] ,[],[],0,0,[],[],[]
Nakskov,1,1,0.0,0.0,0,NP#1215,NP#47657,[FALLBACK] ,[FALLBACK] ,[],[],0,0,[],[],[]
Namibe,1,1,0.0,0.0,0,NP#1216,NP#47003,[FALLBACK] ,[FALLBACK] ,[],[],0,0,[],[],[]
Nantes,1,1,0.0,0.0,0,NP#1217,NP#46318,[FALLBACK] ,[FALLBACK] ,[],[],0,0,[],[],[]
Napoli,1,1,0.0,0.0,0,NP#2380,NP#45605,[FALLBACK] ,[FALLBACK] ,[],[],0,0,[],[],[]
navalmeccanica,1,1,-0.1,0.23,0.0,N#11,N#13779,[FALLBACK] attività volta a creare congegni e macchinari,tecnica di progettazione e costruzione delle parti meccaniche delle navi,"['has_hyperonym, tecnologia, attività volta a creare congegni e macchinari (Score: [0.00] * [0.82] = 0.00)']","['has_hyperonym, tecnologia, studio dei problemi tecnici (Score: [0.00] * [0.82] = 0.00)']",0.33,0,[],[],['tecnologia']
Newport,1,1,0.0,0.0,0,NP#1219,NP#47868,[FALLBACK] ,[FALLBACK] ,[],[],0,0,[],[],[]
North_Atlantic_Treaty_Organization_(Organizzazione_del_Trattato_nord_atlantico),1,1,0.0,0.0,0,NP#2355,NP#48423,[FALLBACK] ,[FALLBACK] ,[],[],0,0,[],[],[]
nuvolosità,1,1,-0.1,-0.1,0,N#2528,N#27957,[FALLBACK] ,[FALLBACK] caratteristica di persona o cosa che ne determina e identifica la natura,[],"['xpos_near_synonym, nuvoloso, coperto di nubi (Score: 0.00)', 'has_hyperonym, attributo, caratteristica di persona o cosa che ne determina e identifica la natura (Score: 0.00)']",0,0,[],[],[]
Nyborg,1,1,0.0,0.0,0,NP#1220,NP#48501,[FALLBACK] ,[FALLBACK] ,[],[],0,0,[],[],[]
Oceania,1,1,0.0,0.0,0,NP#2633,NP#46037,[FALLBACK] ,[FALLBACK] ,[],[],0,0,[],[],[]
Odense,1,1,0.0,0.0,0,NP#1221,NP#48464,[FALLBACK] ,[FALLBACK] ,[],[],0,0,[],[],[]
Olbia,1,1,0.0,0.0,0,NP#2256,NP#47409,[FALLBACK] ,[FALLBACK] ,[],[],0,0,[],[],[]
onda,1,2,0.08924272597036102,-2.550757274029639,0,N#1496,N#3279,"oscillazione dell acqua nel mare  prodotta da una forza esterna tipicamente il vento che ne perturba l equilibrio a seconda della forza del vento la superficie del mare assume forme progressivamente più ripide e movimentate
",movimento simile a quello di una superficie attraversata da onde,"['has_hyperonym, fenomeno_naturale, No Gloss (Score: 0.00)', 'has_hyponym, frangente, onda del mare che  in corrispondenza di bassifondi o scogli affioranti  rompe in spuma e spruzzi. (Score: 0.00)', 'has_hyponym, onda alta, onda che supera i quattro metri di altezza (H > 4 m). (Score: 0.00)', ""has_hyponym, onda bassa, onda con un'altezza inferiore ai due metri (H < 2m). (Score: 0.00)"", 'has_hyponym, onda corta, onda che ha una lunghezza inferiore ai cento metri (L < 100 m). (Score: 0.00)', ""has_hyponym, onda di media altezza, onda con un'altezza non inferiore ai due metri e non superiore ai quattro metri (h = 2-4). (Score: 0.00)"", 'has_hyponym, onda di media lunghezza, onda con una lunghezza non inferiore ai cento metri e non superiore ai duecento metri (L = 100-200 m). (Score: 0.00)', 'has_hyponym, onda lunga, onda con una lunghezza superiore ai duecento metri (L > 200 m). (Score: 0.00)']","[""has_hyperonym, ondata, l'affluire di liquidi o cose  l'affluire verso un dato luogo  spec. di liquidi. (Score: 0.00)""]",0,-2.64,"['fenomeno_naturale', 'frangente', 'onda alta', 'onda bassa', 'onda corta', 'onda di media altezza', 'onda di media lunghezza', 'onda lunga']",[],[]
orario,2,2,0.09042421401858966,-0.23957578598141036,0,N#2282,N#3345,prospetto contenente le ore di partenza e arrivo di un servizio di trasporto pubblico l orario dei treni  dei traghetti,prospetto che illustra l orario già disposto,"['has_hyperonym, schema, No Gloss (Score: 0.00)']","['has_hyperonym, tabulato, breve schema illustrante caratteristiche fondamentali di qualcosa (Score: 0.00)']",0,-0.33,['schema'],[],[]
Organizzazione_delle_Nazioni_Unite,1,1,0.0,0.0,0,NP#2356,NP#45786,[FALLBACK] ,[FALLBACK] ,[],[],0,0,[],[],[]
orzata,1,1,-0.1,-0.76,0,N#848,N#22952,movimento angolare derivato dall azione di orzare,[FALLBACK] bevanda dissetante.,"[""xpos_near_synonym, andare all'orza, dirigere la prua verso il vento (Score: 0.00)"", ""has_hyperonym, movimento, movimento dell'imbarcazione . (Score: 0.00)""]","['has_hyperonym, bibita, bevanda dissetante. (Score: 0.00)']",0,-0.66,"[""andare all'orza"", 'movimento']",[],[]
Oslo,1,1,0.0,0.0,0,NP#1222,NP#47196,[FALLBACK] ,[FALLBACK] ,[],[],0,0,[],[],[]
Ostenda,1,1,0.0,0.0,0,NP#1223,NP#46217,[FALLBACK] ,[FALLBACK] ,[],[],0,0,[],[],[]
osteriggio,1,1,-0.1,-0.1,0,N#850,N#9189,chiusura ermetica di boccaporto nelle imbarcazioni da diporto,[FALLBACK] passaggio aperto  varco.,[],"['has_hyperonym, sbocco, passaggio aperto  varco. (Score: 0.00)']",0,0,[],[],[]
Owendo,1,1,0.0,0.0,0,NP#1224,NP#48439,[FALLBACK] ,[FALLBACK] ,[],[],0,0,[],[],[]
Pacifico,1,1,0.0,0.0,0,NP#2016,NP#46429,[FALLBACK] ,[FALLBACK] ,[],[],0,0,[],[],[]
pagliolo,1,1,0.0379419495439416,-0.2920580504560584,0,N#858,N#27670,nelle navi indica qualunque tipo di pavimento  nelle imbarcazioni da diporto è lo strato di tavole di legno posto sul fondo con funzione di pavimento,il fondo interno della barca,"['has_hyperonym, fondo, la parte bassa (Score: 0.00)']","['has_hyperonym, basso, la parte inferiore  ciò che sta sotto. (Score: 0.00)']",0,-0.33,['fondo'],[],[]
Palermo,1,1,0.0,0.0,0,NP#2382,NP#47527,[FALLBACK] ,[FALLBACK] ,[],[],0,0,[],[],[]
paranco,1,1,0.1273374764352654,-0.2026625235647346,0,N#910,N#22288,sistema funicolare formato da due bozzelli e da una cima o un cavo d acciaio  passante per le carrucole dei bozzelli stessi serve per ridurre lo sforzo necessario per vincere una resistenza,dispositivo meccanico usato per il sollevamento dei carichi,"[""has_hyponym, paranco del boma, paranco a più vie che serve per regolare l'angolazione del boma contrastando la forza esercitata dalla randa. (Score: 0.00)""]","['has_hyperonym, ordigno, meccanismo atto a compiere un certo lavoro  meccanismo atto a compiere un dato lavoro. (Score: 0.00)', 'has_hyponym, capone, grosso paranco (Score: 0.00)']",0,-0.33,['paranco del boma'],[],[]
parete,1,2,0.0026634677491957637,-0.6573365322508042,0,N#796,N#11000,[FALLBACK] tramezzo verticale  normalmente in legno  che divide lo spazio interno nelle navi e nelle imbarcazioni  creando i diversi locali e le cabine.,superficie che delimita un elemento,"['has_hyperonym, muro, costruzione in muratura  in sassi  mattoni o altro  commesso con calcina o cemento. (Score: 0.00)', 'has_hyponym, paratia, tramezzo verticale  normalmente in legno  che divide lo spazio interno nelle navi e nelle imbarcazioni  creando i diversi locali e le cabine. (Score: 0.00)']","['has_hyperonym, piano, No Gloss (Score: 0.00)']",0,-0.66,"['muro', 'paratia']",[],[]
Parigi,1,1,0.0,0.0,0,NP#2351,NP#47556,[FALLBACK] ,[FALLBACK] ,[],[],0,0,[],[],[]
parola,1,5,0.0,0.0,0,N#2245,N#26082,[FALLBACK] ,in informatica  unità logica minima di informazione,[],"['has_hyperonym, unità, stato (Score: 0.00)']",0,0,[],[],[]
parte,1,7,0.05629715757507138,-18.09370284242492,0,N#421,N#12347,ciascuno degli elementi o delle parti in cui è diviso un tutto,ruolo di un cantante o di uno strumento,"['has_hyponym, accessorio, parte di ricambio o di complemento ad attrezzature o impianti. (Score: 0.00)', 'has_hyponym, ago della bussola, elemento magnetico rigidamente fissato alla rosa della bussola che  puntando verso il Nord magnetico  la fa girare e orientare.  (Score: 0.00)', 'has_hyponym, ago magnetico, elemento direttivo e sensibile della bussola magnetica. (Score: 0.00)', 'has_hyponym, agugliotto, maschio del cardine con il quale la pala del timone è colle gata alla poppa. (Score: 0.00)', 'has_hyponym, albero, palo che regge le vele in una imbarcazione (Score: 0.00)', ""has_hyponym, astuccio dell'asse, tubo che contiene la parte finale dell'asse dell' elica  assicurando la tenuta alle infiltrazioni dell'acqua. (Score: 0.00)"", ""has_hyponym, avamporto, zona di mare antistante l'entrata del porto  in genere protetta da dighe foranee. (Score: 0.00)"", ""has_hyponym, baglio, trave che collega orizzontalmente le fiancate dell'imbarcazione  per tutta la sua lunghezza e sostenendo il peso della coperta (o ponte). (Score: 0.00)"", ""has_hyponym, bagnasciuga, parte esterna dello scafo che sta a pelo dell'acqua e che può essere bagnata o meno a seconda del carico e del moto ondoso. (Score: 0.00)"", 'has_hyponym, barra, leva orizzontale fissata sulla testa del timone che trasmette alla pala il moto angolare. (Score: 0.00)', 'has_hyponym, base, lato inferiore della vela. (Score: 0.00)', 'has_hyponym, calcagnolo, la parte di chiglia sulla quale poggia la parte inferiore della pala del timone.   (Score: 0.00)', ""has_hyponym, carabottino, graticolato usato come pavimento per le zone in cui si vuole che l'acqua passi e scorra via. (Score: 0.00)"", ""has_hyponym, carena, la parte dello scafo che normalmente sta sotto il livello dell'acqua. (Score: 0.00)"", ""has_hyponym, cassero, sulle grandi navi a vela fino al XIX secolo: il tratto di coperta tra il casseretto e l'albero maestro. (Score: 0.00)"", ""has_hyponym, chiglia, trave in uno o più pezzi che corre dalla prua alla poppa e costituisce il fondo dello scafo. E' l'elemento più importante della struttura di una imbarcazione. (Score: 0.00)"", 'has_hyponym, coffa, piattaforma circolare o semicircolare posta sulla cima degli alberi degli antichi velieri o di moderne imbarcazioni di grandi dimensioni. (Score: 0.00)', 'has_hyponym, continente, terraferma  parte emersa di un continente (Score: 0.00)', ""has_hyponym, diamante, parte terminale del fuso dell'ancora dal quale si dipartono le marre.  (Score: 0.00)"", 'has_hyponym, ruota di poppa, elemento costruttivo di una imbarcazione posto in verticale all\'estrema poppa e collegato inferiormente alla chiglia. Sostiene l\'asse del timone e lo ""specchio di poppa"" . (Score: 0.00)', ""has_hyponym, ruota di prora, elemento costruttivo di una imbarcazione  parte dell'ossatura  posto in verticale all'estrema prua e collegato inferiormente alla chiglia.   (Score: 0.00)"", ""has_hyponym, elica, organo meccanico che genera una spinta con la sua rotazione nell'aria o nell'acqua. (Score: 0.00)"", 'has_hyponym, femminella del timone, femmina del cardine che sostiene il timone. (Score: 0.00)', 'has_hyponym, ferzo, Striscia di tessuto che cucito con altri forma la vela.  (Score: 0.00)', 'has_hyponym, fianco, No Gloss (Score: 0.00)', ""has_hyponym, fuso, parte centrale e rettilinea dell'ancora  alle cui estremità si trovano da una parte la cicala e dall'altra le marre. (Score: 0.00)"", ""has_hyponym, giardinetto, Parte poppiera dei fianchi della nave o dell'imbarcazione  dove normalmente lo scafo si arrotonda per raccordarsi alla poppa.  (Score: 0.00)"", ""has_hyponym, incappellaggio, parte dell'albero a cui sono collegati i cavi (sartiame) che lo sostengono. (Score: 0.00)"", ""has_hyponym, invertitore di marcia, Parte del sistema di trasmissione che trasmette la rotazione del motore all'asse dell'elica. (Score: 0.00)"", 'has_hyponym, legnuolo, Componente delle cime tessili e dei cavi d\'acciaio  formato da una serie di fibre (o fili d\'acciaio) ritorte chiamate ""trefoli"". Unendo e torcendo più legnuoli  normalmente 3 o 4  si ottiene la cima tessile o il cavo d\'acciaio. (Score: 0.00)', ""has_hyponym, marra, uno dei (di solito) due bracci curvi dell'ancora.  (Score: 0.00)"", 'has_hyponym, oblò, finestra circolare delle navi  dotata di vetro molto spesso che può essere apribile o fisso. (Score: 0.00)', 'has_hyponym, occhiello, foro rinforzato posto su una vela. (Score: 0.00)', 'has_hyponym, piano trasversale, ciascuna delle sezioni trasversali della superficie esterna dello scafo.  (Score: 0.00)', ""has_hyponym, pala del remo, parte estrema del remo  larga e piatta  che si immerge nell'acqua.  (Score: 0.00)"", 'has_hyponym, paterazzo, No Gloss (Score: 0.00)', ""has_hyponym, rispetto, parte di motore o di altro sistema da utilizzare per sostituire l'equivalente una volta rotto o danneggiato. (Score: 0.00)"", 'has_hyponym, piede di ruota, elemento costruttivo che unisce la ruota di prora alla chiglia.  (Score: 0.00)', 'has_hyponym, polena, ""Polena"" è il nome che designa  nell\'area mediterranea  una figura scolpita  posta sulla prora delle imbarcazioni  elemento indispensabile della nave  specialmente nei secoli XVII e XVIII fino a tutto il XIX. v francese poulaine: rostro o scarpa a punta. (Score: 0.00)', 'has_hyponym, poppa, parte posteriore di imbarcazione (Score: 0.00)', ""has_hyponym, prora, parte anteriore di un'imbarcazione (Score: 0.00)"", ""has_hyponym, rosa della bussola, disco graduato in 360° che  trascinato dagli aghi magnetici  si orienta in modo da indicare la direzione della prua dell'imbarcazione.   (Score: 0.00)"", ""has_hyponym, scalmo, parte dell'ossatura delle imbarcazioni in legno  è la continuazione verso l'alto del madiere. (Score: 0.00)"", ""has_hyponym, sentina, la parte più profonda del fondo dell'imbarcazione dove si raccolgono le acque e i residui liquidi. (Score: 0.00)"", 'has_hyponym, sopra coperta, lo spazio sul ponte di coperta. (Score: 0.00)', ""has_hyponym, sottocoperta, designa genericamente lo spazio interno all'imbarcazione.  (Score: 0.00)"", 'has_hyponym, specchio di poppa, parte posteriore esterna dello scafo. (Score: 0.00)', 'has_hyponym, sperone, parte prominente della prua. (Score: 0.00)', 'has_hyponym, superficie di carena, area totale della parte immersa dello scafo. (Score: 0.00)', 'has_hyponym, tagliamare, estremità prodiera della chiglia  è la parte che fende le acque. (Score: 0.00)', 'has_hyponym, terzarolo, porzione di vela che viene ripiegata per diminuire la superficie esposta al vento. (Score: 0.00)', ""has_hyponym, testa d'albero, estremità superiore dell'albero  dove è fissato il sartiame e dove sono collocate le carrucole di uscita delle drizze  le antenne radio ed i sensori segnavento.  (Score: 0.00)"", 'has_hyponym, testata del molo, parte terminale di un molo  di una banchina o di una diga foranea. (Score: 0.00)', ""has_hyponym, trefolo, componente elementare di una cima tessile o di un cavo d'acciaio: la singola fibra o il singolo filo. (Score: 0.00)"", 'has_hyponym, vela, ciascuno dei teli disposti verticalmente a bordo dei velieri in modo da ricevere la pressione del vento per utilizzarla come forza motrice. (Score: 0.00)']","[""has_hyperonym, ruolo, lavoro assegnato a qlcu.  incarico  mansione.  attività che una persona svolge nell'attendere al proprio compito (Score: 0.00)""]",0,-18.14999999999999,"['accessorio', 'ago della bussola', 'ago magnetico', 'agugliotto', 'albero', ""astuccio dell'asse"", 'avamporto', 'baglio', 'bagnasciuga', 'barra', 'base', 'calcagnolo', 'carabottino', 'carena', 'cassero', 'chiglia', 'coffa', 'continente', 'diamante', 'ruota di poppa', 'ruota di prora', 'elica', 'femminella del timone', 'ferzo', 'fianco', 'fuso', 'giardinetto', 'incappellaggio', 'invertitore di marcia', 'legnuolo', 'marra', 'oblò', 'occhiello', 'piano trasversale', 'pala del remo', 'paterazzo', 'rispetto', 'piede di ruota', 'polena', 'poppa', 'prora', 'rosa della bussola', 'scalmo', 'sentina', 'sopra coperta', 'sottocoperta', 'specchio di poppa', 'sperone', 'superficie di carena', 'tagliamare', 'terzarolo', ""testa d'albero"", 'testata del molo', 'trefolo', 'vela']",[],[]
partenza,1,1,0.0659563434946674,-0.9240436565053326,0,N#2286,N#30957,il momento in cui un veicolo  spec un mezzo di trasporto collettivo  si mette in movimento la partenza della navetta,l atto di partire,"['xpos_near_synonym, partire, No Gloss (Score: 0.00)', ""has_hyperonym, atto, l'agire con intenzione. (Score: 0.00)"", 'has_hyperonym, periodo, periodo  ciascuna delle parti in cui si può dividere la durata di qualcosa. (Score: 0.00)']","[""has_hyperonym, azione, l'operare  l'agire consapevolmente. (Score: 0.00)""]",0,-0.99,"['partire', 'atto', 'periodo']",[],[]
partire,1,6,-0.1,-0.76,0,V#2287,V#32349,[FALLBACK] allontanarsi da un luogo per recarsi altrove.,provenire fig,"['xpos_near_synonym, partenza, il momento in cui un veicolo  spec. un mezzo di trasporto collettivo  si mette in movimento: la partenza della navetta. (Score: 0.00)', 'has_hyperonym, andare_via, allontanarsi da un luogo per recarsi altrove. (Score: 0.00)']","['has_hyperonym, uscire, avere principio  essere causato (fig.)   derivare  aver principio  origine  fondamento (fig.). (Score: 0.00)']",0,-0.66,"['partenza', 'andare_via']",[],[]
Patrasso,1,1,0.0,0.0,0,NP#2411,NP#45603,[FALLBACK] ,[FALLBACK] ,[],[],0,0,[],[],[]
Penisola_del_Sinis-Isola_Mal_di_Ventre,1,1,0.0,0.0,0,NP#2593,NP#46310,[FALLBACK] ,[FALLBACK] ,[],[],0,0,[],[],[]
pennone,1,3,-0.04007003177577635,-0.37007003177577635,0,N#881,N#9462,asta sospesa orizzontalmente all albero che sostiene e mantiene distesa una vela quadra ogni vela ha il bordo superiore e quello inferiore fissati a due pennoni che prendono il nome  dalla rispettiva vela,[FALLBACK] drappo che rappresenta l'insegna di uno stato o associazione.,"['has_hyperonym, stanga, barra di materiale vario. (Score: 0.00)']","[""has_hyperonym, bandiera, drappo che rappresenta l'insegna di uno stato o associazione. (Score: 0.00)""]",0,-0.33,['stanga'],[],[]
Pensacola,1,1,0.0,0.0,0,NP#1225,NP#45491,[FALLBACK] ,[FALLBACK] ,[],[],0,0,[],[],[]
percorso,1,1,0.12160331478619012,-0.5383966852138099,0,N#2727,N#3639,tratto di strada che si compie  per mare o per terra,tratto percorso,"['has_hyponym, bordo, nella navigazione di bolina delle barche a vela  ogni tratto percorso con il vento da uno stesso lato. (Score: 0.00)', 'has_hyponym, percorso di regata, cammino che devono percorrere le imbarcazioni in una competizione.  (Score: 0.00)']","['has_hyperonym, parte, il tratto di uno spazio  una distanza  una parte di spazio (Score: 0.00)', 'has_hyponym, chilometraggio, percorso misurato in chilometri (Score: 0.00)', 'has_hyponym, deviazione, percorso alternativo (Score: 0.00)']",0,-0.66,"['bordo', 'percorso di regata']",[],[]
persona,1,5,-0.05,-0.7100000000000001,0,N#2132,N#49693,[FALLBACK] persona caduta in mare o superstite da un naufragio,nella teologia cristiana  ciascuna delle tre figure attraverso le quali si manifesta la divinità,"['has_hyponym, naufrago, persona caduta in mare o superstite da un naufragio (Score: 0.00)', 'has_hyponym, navigatore, chi naviga  chi pratica la navigazione (Score: 0.00)']","['has_hyperonym, figura, forma esteriore di una cosa. (Score: 0.00)', 'has_hyponym, verbo, nella teologia cristiana  la seconda persona della trinità in cui si incarna la parola di Dio. (Score: 0.00)', 'has_hyponym, padre, nella teologia cristiana la prima persona della trinità (Score: 0.00)', 'has_hyponym, spirito, nella religione cristiana terza persona della trinità divina (Score: 0.00)']",0,-0.66,"['naufrago', 'navigatore']",[],[]
perturbazione,1,1,0.0,-0.66,0,N#2504,N#8228,variazione legata allo spostamento e all evoluzione delle aree cicloniche delle condizione meteorologiche in una determinata area geografica  spesso accompagnata da rilevanti fenomeni annuvolamenti  piogge e temporali,intensa e profonda emozione,"[""has_hyperonym, fenomeno_atmosferico, fenomeno fisico che concerne l'atmosfera. (Score: 0.00)"", 'has_hyponym, temporale, improvvisa e rapida perturbazione atmosferica caratterizzata da fenomeni elettrici e da piogge. (Score: 0.00)']","['xpos_near_synonym, incomodare, recare incomodo  molestia. (Score: 0.00)', ""has_hyperonym, azione, l'operare  l'agire consapevolmente. (Score: 0.00)""]",0,-0.66,"['fenomeno_atmosferico', 'temporale']",[],[]
pesata,1,1,0.0019930924979183196,-0.3280069075020817,0,N#2024,N#80,[FALLBACK] l'agire con intenzione.,[FALLBACK] l'operare  l'agire consapevolmente.,"[""has_hyperonym, atto, l'agire con intenzione. (Score: 0.00)""]","['xpos_near_synonym, pesare, No Gloss (Score: 0.00)', ""has_hyperonym, azione, l'operare  l'agire consapevolmente. (Score: 0.00)""]",0,-0.33,['atto'],[],[]
pescare,1,3,0.1264732309017752,-0.2035267690982248,0,V#1550,V#37043,"termine molto usato nella marineria col significato di essere immerso relativamente ad uno scafo
",essere immerso nell acqua fino a una certa altezza dello scafo  detto dei natanti,"['xpos_near_synonym, immersione, misura della distanza verticale tra la parte inferiore della chiglia di uno scafo e il piano di galleggiamento.  (Score: 0.00)']","['has_hyperonym, essere, ha funzione di copula. (Score: 0.00)']",0,-0.33,['immersione'],[],[]
pescheria,1,1,-0.1,-0.1,0,N#2038,N#27210,[FALLBACK] ,[FALLBACK] edificio o parte di esso.,[],"['has_hyperonym, luogo, edificio o parte di esso. (Score: 0.00)']",0,0,[],[],[]
peschiera,1,1,-0.1,-0.1,0,N#2039,N#14849,[FALLBACK] ,[FALLBACK] grande recipiente spesso affondato nel terreno  per raccogliere acqua o altri liquidi.,[],"['has_hyperonym, vasca, grande recipiente spesso affondato nel terreno  per raccogliere acqua o altri liquidi. (Score: 0.00)']",0,0,[],[],[]
pesciaiola,1,1,-0.1,-0.1,0,N#2040,N#26738,[FALLBACK] ,[FALLBACK] contenitore di varia forma e materiale soprattutto per liquidi o materiali incoerenti.,[],"['has_hyperonym, recipiente, contenitore di varia forma e materiale soprattutto per liquidi o materiali incoerenti. (Score: 0.00)']",0,0,[],[],[]
peseta,1,1,0.0,0.0,0,N#2042,N#8883,moneta,unità monetaria spagnola,[],"['has_hyperonym, unità_monetaria, moneta base di un sistema monetario  come ad esempio il dollaro  il marco  la sterlina ecc. (Score: 0.00)']",0,0,[],[],[]
rispetto,1,4,0.0,-0.33,0,N#1551,N#4874,parte di motore o di altro sistema da utilizzare per sostituire l equivalente una volta rotto o danneggiato,l osservare le leggi  le prescrizioni ecc,"['has_hyperonym, parte, ciascuno degli elementi o delle parti in cui è diviso un tutto. (Score: 0.00)']","['xpos_near_synonym, osservare, osservare scrupolosamente ordini  regole ecc. (Score: 0.00)', 'xpos_near_synonym, ottemperare, nel linguaggio della burocrazia  obbedire  adempiere a quanto prescritto o richiesto. (Score: 0.00)', ""has_hyperonym, azione, l'operare  l'agire consapevolmente. (Score: 0.00)"", ""has_hyperonym, resultato, l'effetto su qualcosa  il risultato di qualcosa  ciò che è prodotto  che deriva da una causa.  ciò che risulta.  fatto che è provocato da un altro. (Score: 0.00)""]",0,-0.33,['parte'],[],[]
Piombino,1,1,0.0,0.0,0,NP#2383,NP#46424,[FALLBACK] ,[FALLBACK] ,[],[],0,0,[],[],[]
planare,1,1,-0.1,-0.1,0,V#1414,V#35456,dicesi di uno scafo o un galleggiante che  per effetto della velocità e della forma  riesce a navigare a pelo d acqua o comunque si solleva rispetto alla sua immersione in condizioni normali,[FALLBACK] portare a termine  concludere.,[],"['has_hyperonym, compiere, portare a termine  concludere. (Score: 0.00)']",0,0,[],[],[]
pluviometro,1,1,0.11671773546032796,-0.21328226453967206,0,N#2537,N#26392,strumento per la misurazione delle precipitazioni,strumento che misura la quantità di pioggia caduta in un determinato intervallo di tempo,"[""has_hyperonym, utensile, arnese atto all'esecuzione di determinate operazioni proprie di un'arte  di un mestiere o di una tecnica. (Score: 0.00)""]","['has_hyperonym, strumento_di_misura, strumento per misurare la potenza assorbita da un circuito elettrico. (Score: 0.00)']",0,-0.33,['utensile'],[],[]
poggiare,1,1,0.07098413734701416,-0.5890158626529859,0,V#1655,V#35169,dirigere l imbarcazione allontanando la prua dalla direzione di provenienza del vento  in modo da navigare con un andatura più larga  cioè con le vele più lasche,avvicinare una cosa a un altra che la sorregga,"['xpos_near_synonym, poggiata, movimento angolare derivato dall\'atto di ""puggiare"". (Score: 0.00)', 'has_hyperonym, manovrare, fare manovra  dirigere o modificare il movimento di una nave o di una imbarcazione. (Score: 0.00)']","[""has_hyperonym, appropinquare, mettere una cosa vicino o più vicino ad un'altra. (Score: 0.00)"", 'has_hyponym, puntare, appoggiare un oggetto  specialmente appuntito  su di una superficie  premendo con il proprio peso. (Score: 0.00)', 'has_hyponym, riappoggiare, appoggiare di nuovo. (Score: 0.00)', 'has_hyponym, sedersi, assumere la posizione seduta  mettersi seduto. (Score: 0.00)']",0,-0.66,"['poggiata', 'manovrare']",[],[]
Pola,1,1,0.0,0.0,0,NP#2342,NP#47867,[FALLBACK] ,[FALLBACK] ,[],[],0,0,[],[],[]
polena,1,1,-0.06669247790118212,-0.3966924779011821,0,N#2705,N#14297,polena è il nome che designa  nell area mediterranea  una figura scolpita  posta sulla prora delle imbarcazioni  elemento indispensabile della nave  specialmente nei secoli xvii e xviii fino a tutto il xix v francese poulaine rostro o scarpa a punta,[FALLBACK] raffigurazione  immagine  una raffigurazione  rappresentazione,"['has_hyperonym, parte, ciascuno degli elementi o delle parti in cui è diviso un tutto. (Score: 0.00)']","['has_hyperonym, icona, raffigurazione  immagine  una raffigurazione  rappresentazione (Score: 0.00)']",0,-0.33,['parte'],[],[]
pollice,1,1,0.04587439082056455,-0.28412560917943547,0,N#1576,N#4978,unità di misura inglese delle lunghezze  pari a 25 4 mm,[FALLBACK] ciascuna delle dieci propaggini di mani e piedi,"['has_hyperonym, unità_di_misura, grandezza di paragone il cui valore viene messo uguale a uno e rispetto alla quale vengono misurate le altre grandezze con essa omogenee. (Score: 0.00)']","['has_hyperonym, dito, ciascuna delle dieci propaggini di mani e piedi (Score: 0.00)']",0,-0.33,['unità_di_misura'],[],[]
Polo_Sud,1,1,0.0,0.0,0,NP#2634,NP#46154,[FALLBACK] ,[FALLBACK] ,[],[],0,0,[],[],[]
Poole,1,1,0.0,0.0,0,NP#1226,NP#48210,[FALLBACK] ,[FALLBACK] ,[],[],0,0,[],[],[]
portare,1,12,0.07104202347312878,-0.25895797652687125,0,V#1661,V#36503,"dicesi delle vele quando ricevono il vento sulla superficie rivolta verso poppa e sono ben regolate  cioè senza pieghe e piene di vento
",avere una determinata portata  detto di bocca di fuoco,"['has_hyperonym, muovere, togliere una cosa dal posto in cui si trova. (Score: 0.00)']","['has_hyperonym, indossare, recare su di sé o indosso. (Score: 0.00)']",0,-0.33,['muovere'],[],[]
Portland,2,3,0.0,0.0,0,NP#2162,NP#48068,[FALLBACK] ,città nel new south wales  in australia,[],[],0,0,[],[],[]
Porto_Cesareo,1,1,0.0,0.0,0,NP#2594,NP#48597,[FALLBACK] ,[FALLBACK] ,[],[],0,0,[],[],[]
Porto_Santo_Stefano,1,1,0.0,0.0,0,NP#1227,NP#48025,[FALLBACK] ,[FALLBACK] ,[],[],0,0,[],[],[]
Porto_Vesme,1,1,0.0,0.0,0,NP#1229,NP#45676,[FALLBACK] ,[FALLBACK] ,[],[],0,0,[],[],[]
Portoferraio,1,1,0.0,0.0,0,NP#1230,NP#46439,[FALLBACK] ,[FALLBACK] ,[],[],0,0,[],[],[]
Portofino,2,2,0.0,0.0,0,NP#2595,NP#48594,[FALLBACK] ,[FALLBACK] ,[],[],0,0,[],[],[]
Portsmouth,1,1,0.0,0.0,0,NP#1231,NP#48297,[FALLBACK] ,[FALLBACK] ,[],[],0,0,[],[],[]
Pozzuoli,1,1,0.0,0.0,0,NP#2388,NP#47107,[FALLBACK] ,[FALLBACK] ,[],[],0,0,[],[],[]
premiare,1,1,-0.1,-0.1,0,V#2127,V#37254,[FALLBACK] ,[FALLBACK] dare (anche fig.).  trasferire da sé ad altri il possesso di cose materiali o morali.,[],"['xpos_near_synonym, premiazione, No Gloss (Score: 0.00)', 'has_hyperonym, passare, dare (anche fig.).  trasferire da sé ad altri il possesso di cose materiali o morali. (Score: 0.00)']",0,0,[],[],[]
premio,2,3,0.061005457719230355,-0.5989945422807696,0,N#2128,N#3245,dono o riconoscimento elargito per una vittoria o un piazzamento in una competizione,premio in denaro di lotterie e simili,"['has_hyperonym, omaggio, la cosa donata. (Score: 0.00)', ""has_hyponym, nastro azzurro, riconoscimento  costituito da una fascia azzurra dipinta sui fumaioli  conferito alla nave che batte il record di attraversamento dell'Atlantico e conserva il primato per almeno 3 mesi  nel 1933 fu vinto dal transatlantico italiano Rex.  (Score: 0.00)""]","['has_hyperonym, importo, determinata quantità di denaro  quantità di denaro (Score: 0.00)']",0,-0.66,"['omaggio', 'nastro azzurro']",[],[]
Procida,1,1,0.0,0.0,0,NP#2389,NP#45861,[FALLBACK] ,[FALLBACK] ,[],[],0,0,[],[],[]
proroga,1,1,0.0,0.0,0,N#2703,N#8223,posposizione di una scadenza  ritardo,il tempo dilazionato,[],"['xpos_near_synonym, differire, rimandare  rinviare nel tempo. (Score: 0.00)', 'has_hyperonym, ritardo, il tempo di cui si ritarda (Score: 0.00)']",0,0,[],[],[]
Providence,1,1,0.0,0.0,0,NP#1232,NP#46398,[FALLBACK] ,[FALLBACK] ,[],[],0,0,[],[],[]
puleggia,1,1,0.0,0.0,0,N#1658,N#11843,"rotella del bozzello o di una carrucola scanalata alla periferia per consentirne l aderenza delle cime o dei cavi d acciaio
",ruota che trasmette il moto mediante funi o cinghie,[],"['has_hyperonym, ruota, organo meccanico circolare che gira intorno ad un asse (Score: 0.00)']",0,0,[],[],[]
Punta_Campanella,1,1,0.0,0.0,0,NP#2596,NP#46576,[FALLBACK] ,[FALLBACK] ,[],[],0,0,[],[],[]
puntale,1,1,0.0,-0.33,0,N#1659,N#17248,indica la massima distanza tra il fondo e la coperta spesso è in corrispondenza della sezione maestra  nelle imbarcazioni da diporto corrisponde alla massima altezza interna,estremità a punta di alcuni oggetti,"[""has_hyperonym, altezza, misura riferita alle stelle oppure a parti dell'imbarcazione. Ha anche altri significati differenti a seconda del contesto. (Score: 0.00)""]","['has_hyperonym, testata, la parte estrema di qualcosa (Score: 0.00)', 'has_hyponym, ardiglione, puntale di una fibbia (Score: 0.00)', 'has_hyponym, ghiera, puntale di ferro con cui termina un bastone per far presa sul terreno (Score: 0.00)']",0,-0.33,['altezza'],[],[]
punto,1,5,0.12083223046959846,-2.5191677695304016,0,N#652,N#14260,termine generico per indicare una posizione specifica sia fisica che geografica,per estens  oggetto o segno piccolissimo o che appaia tale,"['has_hyperonym, luogo, parte dello spazio occupata o occupabile materialmente o idealmente (Score: 0.00)', 'has_hyponym, baricentro, in un corpo o sistema di corpi  punto di applicazione della forza di gravitazione.  (Score: 0.00)', 'has_hyponym, nadir, è il punto della sfera celeste diametralmente opposto allo ""zenit"". (Score: 0.00)', 'has_hyponym, cardine, punto cardinale (Score: 0.00)', 'has_hyponym, punto di scotta, punto nel quale si fissa il bozzello (o il sistema di bozzelli) che rimanda la scotta di una vela. La variazione del punto di scotta genera un cambio nella forma della vela.  (Score: 0.00)', ""has_hyponym, punto nave, posizione geografica della nave o dell'imbarcazione in mare. (Score: 0.00)"", 'has_hyponym, punto stimato, posizione geografica (punto nave) calcolata con la ""navigazione stimata"" considerando sia lo spostamento dell\'imbarcazione che le cause che possono influenzare esternamente il suo moto (corrente e scarroccio). (Score: 0.00)', 'has_hyponym, zenit, punto della sfera celeste che si trova esattamente sulla verticale che passa per il luogo di osservazione. (Score: 0.00)']","['has_hyperonym, oggetto, oggetto materiale  concreto (Score: 0.00)', ""has_hyperonym, simbolo, segno che acquisisce un valore all'interno di un sistema convenzionale (Score: 0.00)""]",0,-2.64,"['luogo', 'baricentro', 'nadir', 'cardine', 'punto di scotta', 'punto nave', 'punto stimato', 'zenit']",[],[]
quadrato,1,5,0.028988048461622205,0.028988048461622205,0,N#1665,N#2348,"nelle navi indica normalmente la zona mensa e ricreativa degli ufficiali
nelle imbarcazioni da diporto indica la zona giorno sottocoperta
",piattaforma quadrata delimitata da corde in cui si disputano incontri di pugilato,[],"['has_hyperonym, palco, costruzione provvisoria rialzata da terra in occasione di cerimonie e simili. (Score: 0.00)']",0,0,[],[],[]
quantità,1,3,0.0,-0.99,0,N#2723,N#9937,una grande quantità,grandezza misurabile o quantificabile,"['has_hyperonym, numero, numero  massa  grandezza di qcs.: quantità di denaro  di merci  di energia (Score: 0.00)', 'has_hyponym, carico, quanto si carica su qualcosa (Score: 0.00)', 'has_hyponym, mare, abbondanza  grande quantità  estensione. (Score: 0.00)']","['has_hyperonym, fenomeno_fisico, No Gloss (Score: 0.00)', ""has_hyponym, accelerazione, variazione della velocità nell'unità di tempo (Score: 0.00)"", 'has_hyponym, ammettenza, grandezza elettrica tipica dei circuiti in parallelo a corrente alternata (Score: 0.00)', 'has_hyponym, conduttanza, grandezza fisica (Score: 0.00)', 'has_hyponym, frequenza, in fisica (Score: 0.00)', 'has_hyponym, impedenza, grandezza fisica tipica dei circuiti a corrente alternata (Score: 0.00)', 'has_hyponym, potenza, capacità di un sistema di sviluppare lavoro  grandezza fisica (Score: 0.00)']",0,-0.99,"['numero', 'carico', 'mare']",[],[]
quota,1,6,0.11671773546032795,0.11671773546032795,0,N#2529,N#17502,altezza in metri rispetto al livello marino medio,altezza dal suolo,[],"['has_hyperonym, altezza, estensione verticale (Score: 0.00)']",0,0,[],[],[]
Ramsgate,1,1,0.0,0.0,0,NP#1233,NP#45548,[FALLBACK] ,[FALLBACK] ,[],[],0,0,[],[],[]
randa,1,1,0.0,-1.6500000000000001,0,N#215,N#11997,nelle imbarcazioni moderne è la vela principale,strumento usato da falegnami  muratori e simili,"['has_hyperonym, vela, ciascuno dei teli disposti verticalmente a bordo dei velieri in modo da ricevere la pressione del vento per utilizzarla come forza motrice. (Score: 0.00)', ""has_hyponym, brigantina, randa che i brigantini portano all'albero di poppa. (Score: 0.00)"", 'has_hyponym, randa di cappa, randa di superficie molto ridotta e di tessuto robustissimo  che si monta in caso di vento fortissimo. (Score: 0.00)', 'has_hyponym, randa Marconi, nome dato nel 1920 a un particolare tipo di randa per la sua forma che ricorda le antenne radio inventate da Guglielmo Marconi. (Score: 0.00)', ""has_hyponym, vela al terzo, tipo di randa aurica  di forma trapezioidale  con il lato superiore allacciato ad un breve pennone che è sospeso sull'albero ad un terzo della sua lunghezza.  (Score: 0.00)""]","[""has_hyperonym, utensile, arnese atto all'esecuzione di determinate operazioni proprie di un'arte  di un mestiere o di una tecnica. (Score: 0.00)""]",0,-1.6500000000000001,"['vela', 'brigantina', 'randa di cappa', 'randa Marconi', 'vela al terzo']",[],[]
rappresentazione,1,3,0.0,-0.33,0,N#2284,N#9761,[FALLBACK] ,spettacolo  manifestazione artistica che si tiene davanti a un pubblico in un locale,"['has_hyponym, schema, No Gloss (Score: 0.00)']","['has_hyperonym, attività_artistica, attività umana volta a creare opere fruibili esteticamente (Score: 0.00)', ""has_hyponym, anteprima, presentazione di uno spettacolo ad una ristretta cerchia di spettatori prima dell'uscita nelle sale (Score: 0.00)"", 'has_hyponym, avanspettacolo, spettacolo teatrale  per lo più di rivista  presentato come complemento di un programma cinematografico. (Score: 0.00)', 'has_hyponym, azione_teatrale, azione teatrale (Score: 0.00)', 'has_hyponym, balletto, rappresentazione teatrale realizzata da un gruppo di ballerini (Score: 0.00)', 'has_hyponym, beneficiata, No Gloss (Score: 0.00)', 'has_hyponym, boiata, No Gloss (Score: 0.00)', 'has_hyponym, cabaret, genere di spettacolo (Score: 0.00)', 'has_hyponym, circo_equestre, spettacolo che si svoge in un circo (Score: 0.00)', ""has_hyponym, corrida, spettacolo cruento  popolare in Spagna  nel quale combattono  in un'arena  un uomo e un toro. (Score: 0.00)"", ""has_hyponym, diorama, nell'Ottocento  tipo di spettacolo che  attraverso una serie di artifici  dava agli spettatori l'impressione di vedere un panorama reale (Score: 0.00)"", 'has_hyponym, esibizione, spettacolo. (Score: 0.00)', 'has_hyponym, festival, manifestazione artistica che si svolge periodicamente in un luogo (Score: 0.00)', 'has_hyponym, giostra, nel medioevo  spettacolo consistente in un combattimento di uomini a cavallo (Score: 0.00)', 'has_hyponym, happening, No Gloss (Score: 0.00)', 'has_hyponym, ludo, No Gloss (Score: 0.00)', 'has_hyponym, lungagnata, No Gloss (Score: 0.00)', 'has_hyponym, manifestazione, spettacolo pubblico. (Score: 0.00)', 'has_hyponym, mattinata, spettacolo  rappresentazione effettuata di giorno  spec. di pomeriggio (Score: 0.00)', ""has_hyponym, mimo, rappresentazione scenica muta  di origine classica  in cui l'azione è espressa unicamente dai movimenti mimici e dalla danza. (Score: 0.00)"", 'has_hyponym, musical, commedia musicale. (Score: 0.00)', 'has_hyponym, music-hall, No Gloss (Score: 0.00)', 'has_hyponym, naumachia, No Gloss (Score: 0.00)', 'has_hyponym, numero, parte di uno spettacolo di varietà (Score: 0.00)', 'has_hyponym, opera, rappresentazione teatrale interamente musicata e cantata (Score: 0.00)', ""has_hyponym, opera_lirica, rappresentazione scenica in cui i personaggi si esprimono mediante il canto e con l'accompagnamento dell'orchestra e del coro. (Score: 0.00)"", 'has_hyponym, parodia, No Gloss (Score: 0.00)', ""has_hyponym, première, prima rappresentazione di un'opera teatrale o cinematografica. (Score: 0.00)"", 'has_hyponym, programma_radiofonico, No Gloss (Score: 0.00)', 'has_hyponym, quadro, ciascuna parte in cui si suddivide un atto in una rappresentazione teatrale (Score: 0.00)', 'has_hyponym, recita, No Gloss (Score: 0.00)', 'has_hyponym, recital, No Gloss (Score: 0.00)', 'has_hyponym, replica, ogni rappresentazione di uno spettacolo successiva alla prima. (Score: 0.00)', 'has_hyponym, riedizione, spettacolo che viene riproposto con alcune innovazioni (Score: 0.00)', 'has_hyponym, rivista, spettacolo di varietà in cui numeri musicali si alternano a numeri comici (Score: 0.00)', 'has_hyponym, sceneggiata, No Gloss (Score: 0.00)', 'has_hyponym, serata, spettacolo serale. (Score: 0.00)', 'has_hyponym, show, spettacolo di varietà  anche televisivo. (Score: 0.00)', 'has_hyponym, spogliarello, No Gloss (Score: 0.00)', 'has_hyponym, tauromachia, nel mondo antico era uno spettacolo consistente in un combattimento tra tori o fra uomini e tori. (Score: 0.00)', 'has_hyponym, torneo, oggi  spettacolo che simula e rievoca i combattimenti medioevali (Score: 0.00)', 'has_hyponym, trasmissione, programma televisivo (Score: 0.00)', 'has_hyponym, varietà, spettacolo teatrale di carattere leggero (Score: 0.00)']",0,-0.33,['schema'],[],[]
Ravenna,1,1,0.0,0.0,0,NP#2390,NP#46880,[FALLBACK] ,[FALLBACK] ,[],[],0,0,[],[],[]
recapito,2,2,0.10475117334177524,-0.22524882665822477,0,N#692,N#7489,luogo in cui si può trovare la persona o l ente a cui un oggetto viene consegnato,la residenza,"['has_hyperonym, luogo, parte dello spazio occupata o occupabile materialmente o idealmente (Score: 0.00)']","['has_hyperonym, indicazione, ciò che indica qualcosa (Score: 0.00)', 'has_hyponym, domain_name, sequenza di sottonomi separati da un punto che può rappresentare un sito o un gruppo (Internet). (Score: 0.00)', 'has_hyponym, IP_address, No Gloss (Score: 0.00)', 'has_hyponym, URL, Uniform Resource Locators  localizzatore di risorse uniformi  forma di standardizzazione degli indirizzi di rete su Internet. (Score: 0.00)']",0,-0.33,['luogo'],[],[]
relitto,2,1,0.1216033147861901,0.1216033147861901,0,N#2666,N#25874,"persona ridotta in stato di miseria fisica o spirituale  che vive ai margini della società l alcol lo ha trasformato in un relitto umano
",avanzo di un naufragio,[],"[""has_hyperonym, sopravanzo, ciò che avanza  parte che resta di un tutto dopo che ne sia stata tolta un'altra parte  ciò che rimane  residuo. (Score: 0.00)""]",0,0,[],[],[]
remeggio,1,3,-0.1,-0.1,0,N#706,N#25664,[FALLBACK] ,[FALLBACK] pluralità di elementi materiali e/o astratti coordinati tra loro,[],"['has_hyperonym, totalità, pluralità di elementi materiali e/o astratti coordinati tra loro (Score: 0.00)']",0,0,[],[],[]
Reykjavik,1,1,0.0,0.0,0,NP#1234,NP#45898,[FALLBACK] ,[FALLBACK] ,[],[],0,0,[],[],[]
rifiutare,1,1,0.09339537641256734,0.09339537641256734,0,V#1775,V#38511,dicesi del vento quando scarseggia e di conseguenza delle vele quando non portano a causa di tale diminuzione,non accettare,[],"['xpos_near_synonym, negazione, atto del rifiutare. (Score: 0.00)', 'has_hyperonym, tenere_un_comportamento, agire in un certo modo. (Score: 0.00)', 'has_hyponym, arroccarsi, rifiutare il dialogo  chiudersi in se stessi. (Score: 0.00)', 'has_hyponym, respingere, mandare indietro  non accettare. (Score: 0.00)', 'has_hyponym, ricusare, non accettare. (Score: 0.00)']",0,0,[],[],[]
rifiuto,1,3,0.11974201958742209,0.11974201958742209,0,N#1777,N#7250,zona della vela che si sgonfia in prossimità del bordo di entrata  a causa di un calo di vento o ad un cambio di direzione  e che quindi diminuisce la sua spinta propulsiva,resistenza opposta dal terreno all immissione di pali,[],"['has_hyperonym, resistenza, ogni forza che si oppone a una forza agente o potenza. (Score: 0.00)']",0,0,[],[],[]
Riga,1,1,0.0,0.0,0,NP#2481,NP#46748,[FALLBACK] ,[FALLBACK] ,[],[],0,0,[],[],[]
rilevamento,1,2,0.0,-0.99,0,N#1779,N#18490,angolo orizzontale compreso fra una direzione fissa di riferimento e la visuale diretta a un oggetto  misurato secondo il senso orario,indagine condotta per sondare l opinione pubblica su certe quesitoni,"['has_hyperonym, angolo, (geom.) lo spazio tra due linee o piani che si intersecano (Score: 0.00)', 'has_hyponym, rilevamento a 45 gradi, No Gloss (Score: 0.00)', 'has_hyponym, rilevamento di incrocio, quando una imbarcazione ne rileva una seconda con un angolo costante nel tempo. In tal caso le due rotte seguite si incrociano e quindi sono dette ""di collisione"". (Score: 0.00)']","[""has_hyperonym, investigazione, indagine investigativa su una certa materia  indagine investigativa  atto del verificare.  atto del verificare  l'atto dell'esaminare  l'esaminare (Score: 0.00)"", 'has_hyponym, censimento, rilevamento periodico della popolazione nazionale (Score: 0.00)', ""has_hyponym, demoscopia, indagine statistica riguardo a date questioni  condotta sull'opinione pubblica (Score: 0.00)"", 'has_hyponym, psicometria, indagine psicologica tendente alla valutazione quantitativa dei comportamenti (Score: 0.00)', ""has_hyponym, referendum, sondaggio dell'opinione pubblica a fini statistici (Score: 0.00)""]",0,-0.99,"['angolo', 'rilevamento a 45 gradi', 'rilevamento di incrocio']",[],[]
rimorchiare,1,2,0.04851444156903245,0.04851444156903245,0,V#230,V#35781,trascinare  dietro o di fianco  una nave o imbarcazione priva dei suoi mezzi di propulsione,fig trascinare qualcuno con sé inducendolo a fare qualcosa,[],"['has_hyperonym, pungere, fare che qlcu. agisca in un certo modo. (Score: 0.00)', 'has_hyperonym, trascinare, No Gloss (Score: 0.00)']",0,0,[],[],[]
rinforzare,2,2,0.0,-0.66,0,V#1783,V#32532,aumentare il numero o la grossezza,dare maggiore saldezza e stabilità,"['has_hyponym, rinforzare gli ormeggi, No Gloss (Score: 0.00)', 'has_hyponym, rinforzare le vele, No Gloss (Score: 0.00)']","['has_hyperonym, fare_prendere, fare avere  far prendere certe caratteristiche (in senso concreto). (Score: 0.00)', 'has_hyponym, centinare, No Gloss (Score: 0.00)', 'has_hyponym, puntellare, No Gloss (Score: 0.00)']",0,-0.66,"['rinforzare gli ormeggi', 'rinforzare le vele']",[],[]
rinfrescare,1,3,0.10657035539480765,0.10657035539480765,0,V#1786,V#37166,allentare i cavi di ormeggio o le manovre  mutandone i punti di attacco o do volta,rendere di nuovo fresco o più fresco,[],"['has_hyperonym, fare_divenire, far diventare. (Score: 0.00)']",0,0,[],[],[]
rinvio,1,1,0.08732425546865667,-0.24267574453134333,0,N#1787,N#6054,congegno meccanico che muta la natura o la direzione del moto ricevuto dalla potenza motrice  e cambia la direzione del percorso di un cavo,nel commento di un testo  il rimandare ad altro passo del testo stesso  o ad altra opera,"[""has_hyponym, bozzello, carrucola semplice o multipla di forma e materiale differente costituita da una cassa all'interno della quale girano girano una o più pulegge (scanalate per ospitare il cavo che vi deve scorrere) e da un gancio per fissare il bozzello. (Score: 0.00)""]","['xpos_near_synonym, rimandare, mandare di nuovo o mandare indietro. (Score: 0.00)', 'has_hyperonym, nota, spiegazione aggiunta a margine o a piè di pagina  nota (Score: 0.00)']",0,-0.33,['bozzello'],[],[]
rollare,2,1,0.0,-0.33,0,V#1415,V#39817,oscillare dell imbarcazione in senso trasversale  per effetto del moto del mare,compiere movimenti dei beccheggio  detto di areomobili e di navi,"['xpos_near_synonym, rollata, oscillazione o sbandata laterale prodotta dal moto del mare. (Score: 0.00)']","[""xpos_near_synonym, beccheggio, oscillazione in senso longitudinale di un'imbarcazione o di un aereo dovuto a moto ondoso o correnti d'aria.  (Score: 0.00)"", 'has_hyperonym, oscillare, muoversi con movimento periodico e regolare fra due posizioni estreme. (Score: 0.00)']",0,-0.33,['rollata'],[],[]
Ronne,1,1,0.0,0.0,0,NP#1235,NP#46273,[FALLBACK] ,[FALLBACK] ,[],[],0,0,[],[],[]
Rostock,1,1,0.0,0.0,0,NP#1236,NP#47111,[FALLBACK] ,[FALLBACK] ,[],[],0,0,[],[],[]
Rouen,1,1,0.0,0.0,0,NP#1237,NP#46223,[FALLBACK] ,[FALLBACK] ,[],[],0,0,[],[],[]
ruota,1,2,0.0598213473173204,-0.2701786526826796,0,N#1794,N#11381,nella sua accezione più comune indica la ruota di maneggio del timone,cilindro girevole situato in un apertura del muro e attraverso il quale si manda roba dall esterno all interno e viceversa in uso nei conventi di clausura,"['near_synonym, governale, strumento delle imbarcazioni per mantenere la direzione durante il moto (Score: 0.00)']","['has_hyperonym, cilindro, oggetto a forma di cilndro  tubo (Score: 0.00)']",0,-0.33,['governale'],[],[]
Saint_Malo,1,1,0.0,0.0,0,NP#1238,NP#48241,[FALLBACK] ,[FALLBACK] ,[],[],0,0,[],[],[]
Salerno,1,1,0.0,0.0,0,NP#2391,NP#48340,[FALLBACK] ,[FALLBACK] ,[],[],0,0,[],[],[]
Salonicco,1,1,0.0,0.0,0,NP#2413,NP#46478,[FALLBACK] ,[FALLBACK] ,[],[],0,0,[],[],[]
salpare,1,1,0.08457986080147019,-0.24542013919852984,0,V#118,V#38930,recuperare l ancora a bordo dal fondo si usa anche col significato di lasciare l ancoraggio e partire,levare l ancora per partire  allontanrsi da un porto verso il mare aperto,"['has_hyperonym, manovrare, fare manovra  dirigere o modificare il movimento di una nave o di una imbarcazione. (Score: 0.00)']","['has_hyperonym, portare_via, rimuovere da un luogo. (Score: 0.00)']",0,-0.33,['manovrare'],[],[]
Samsun,1,1,0.0,0.0,0,NP#1278,NP#48014,[FALLBACK] ,[FALLBACK] ,[],[],0,0,[],[],[]
San_Remo,1,1,0.0,0.0,0,NP#1279,NP#46207,[FALLBACK] ,[FALLBACK] ,[],[],0,0,[],[],[]
Santander,1,1,0.0,0.0,0,NP#2460,NP#46499,[FALLBACK] ,[FALLBACK] ,[],[],0,0,[],[],[]
Savannah,1,1,0.0,0.0,0,NP#1247,NP#47783,[FALLBACK] ,[FALLBACK] ,[],[],0,0,[],[],[]
Savona,1,1,0.0,0.0,0,NP#2397,NP#47586,[FALLBACK] ,[FALLBACK] ,[],[],0,0,[],[],[]
sbandata,1,1,0.024428546199852616,-0.6355714538001475,0,N#1416,N#8878,forte rollata a causa di condizioni esterne,[FALLBACK] lo spostarsi di un corpo nello spazio.  l'atto di spostarsi,"['xpos_near_synonym, sbandare, inclinarsi lateralmente a causa del vento  del moto ondoso o di uno spostamento dei pesi a bordo. (Score: 0.00)', 'has_hyperonym, rollata, oscillazione o sbandata laterale prodotta dal moto del mare. (Score: 0.00)']","[""has_hyperonym, cammino, lo spostarsi di un corpo nello spazio.  l'atto di spostarsi (Score: 0.00)"", 'has_hyponym, deragliamento, No Gloss (Score: 0.00)', 'has_hyponym, scartata, No Gloss (Score: 0.00)']",0,-0.66,"['sbandare', 'rollata']",[],[]
sbarcare,2,2,0.09867961797986956,0.09867961797986956,0,V#618,V#37695,mettere a terra un carico,far scendere a terra da una nave passeggeri o merci ,[],"['has_hyperonym, fare, causare un cambiamento in un processo o uno stato (seguito da un infinito). (Score: 0.00)']",0,0,[],[],[]
sbattere,1,1,0.0,0.0,0,V#1718,V#34116,"si dice delle vele quando  a causa del vento debole  si gonfiano e sgonfiano alternativamente  provocando un rumore di frusta 
",battere qualcosa con energia ripetutamente,[],"['xpos_near_synonym, sbattimento, No Gloss (Score: 0.00)', 'xpos_near_synonym, sbattuta, No Gloss (Score: 0.00)', 'has_hyperonym, battere, picchiare  colpire una volta o ripetutamente  percuotere con le mani o con un arnese. (Score: 0.00)', 'has_hyponym, inchiodarsi, sbattere violentemente contro qualcosa. (Score: 0.00)', 'has_hyponym, sbatacchiare, sbattere o agitare con violenza o in malo modo  ripetutamente.. (Score: 0.00)']",0,0,[],[],[]
scadere,2,1,0.0,0.0,0,V#1422,V#41123,"lo spostarsi di un galleggiante in senso laterale per effetto del vento scarroccio o di altre cause  ad es una corrente marina
",perdere il pregio  il valore  le forze,[],"['xpos_near_synonym, scadimento, No Gloss (Score: 0.00)', 'has_hyperonym, perdere, restare privo  sia in senso fisico sia in senso astratto. (Score: 0.00)']",0,0,[],[],[]
scafo,1,2,-0.1,-0.43000000000000005,0,N#219,N#13617,tutto il corpo di un imbarcazione inclusa ossatura e rivestimento,[FALLBACK] ogni oggetto che occupi uno spazio ,"[""near_synonym, guscio, lo scafo nudo  cioè l'insieme dell'ossatura e della carena. (Score: 0.00)""]","['has_hyperonym, corpo, ogni oggetto che occupi uno spazio  (Score: 0.00)']",0,-0.33,['guscio'],[],[]
scandaglio,1,3,0.07244081925041986,0.07244081925041986,0,N#905,N#21159,strumento per misurare la profondità delle acque,il sondare i fondali del mare con l apposito strumento,[],"['xpos_near_synonym, scandagliare, No Gloss (Score: 0.00)', 'has_hyperonym, misurazione, atto e modo del misurare. (Score: 0.00)']",0,0,[],[],[]
scarrocciare,1,1,0.0,-0.66,0,V#1419,V#38605,lo scadere sottovento alla rotta predefinta  causato dall azione del vento,andare a scarroccio,"['xpos_near_synonym, scarroccio, lo ""scadere"" sottovento alla rotta predefinta  causato dall\'azione del vento. (Score: 0.00)', 'has_hyperonym, scadere, perdere prua rispetto al vento. (Score: 0.00)']","['has_hyperonym, ire, muoversi  spostarsi  senza meta o senza che la meta sia indicata. (Score: 0.00)']",0,-0.66,"['scarroccio', 'scadere']",[],[]
scarroccio,2,1,0.0,-0.33,0,N#1420,N#5142,lo scadere sottovento alla rotta predefinta  causato dall azione del vento,spostamento laterale di una imbarcazione,"['xpos_near_synonym, scarrocciare, Lo ""scadere"" sottovento alla rotta predefinta  causato dall\'azione del vento. (Score: 0.00)']","['has_hyperonym, manovra, insieme di operazioni necessarie per mettere in azione e far funzionare un veicolo  una macchina o un dispositivo (Score: 0.00)']",0,-0.33,['scarrocciare'],[],[]
scazzottare,1,1,0.0,-0.33,0,V#1842,V#40287,sciogliere una bandiera incazzottata,picchiare con il pugno,"['has_hyperonym, sciogliere, No Gloss (Score: 0.00)']","['has_hyperonym, picchiare, battere  prendere a botte. (Score: 0.00)']",0,-0.33,['sciogliere'],[],[]
sciogliere,1,6,0.07725898700975249,-0.9127410129902475,0,V#1264,V#32658,[FALLBACK] sciogliere e rilasciare una cima o una catena.,rilassare  rendere più flessibile una parte del corpo con opportuni esercizi,"['has_hyponym, mollare, sciogliere e rilasciare una cima o una catena. (Score: 0.00)', 'has_hyponym, scazzottare, sciogliere una bandiera incazzottata. (Score: 0.00)', ""has_hyponym, sferire la bandiera, slegare la bandiera dalla drizza a dall'alabbasso dopo averla ammainata. (Score: 0.00)""]","['has_hyperonym, fare_divenire, far diventare. (Score: 0.00)', 'has_hyponym, disarticolare, No Gloss (Score: 0.00)', 'has_hyponym, sgranchire, sciogliere i muscoli e le articolazioni intorpiditi o rattrappiti. (Score: 0.00)']",0,-0.99,"['mollare', 'scazzottare', 'sferire la bandiera']",[],[]
scoglio,1,1,0.06284629155461612,0.06284629155461612,0,N#1426,N#12885,roccia di diversa natura  che emerge dal mare in prossimità della costa e spesso costituisce un pericolo per la navigazione,roccia emergente dalle acque,[],"['has_hyperonym, roccia, aggregato di uno o più minerali (Score: 0.00)', 'has_hyponym, faraglione, grande scoglio che si distacca dalla costa (Score: 0.00)', 'has_hyponym, scogliera, serie di scogli che affiorano dal mare (Score: 0.00)']",0,0,[],[],[]
scontrare,1,1,0.0,-0.33,0,V#1429,V#37699,dicesi quando  durante un cambio di direzione di una imbarcazione  si mette rapidamente il timone dalla parte opposta in modo da frenare e contrastare lo spostamento della prua,attaccare combattimento  battaglia,"['has_hyperonym, manovrare, far funzionare attrezzature o strumenti per la navigazione mediante le operazioni o i movimenti necessari.  (Score: 0.00)']","[""has_hyperonym, attaccare, andare all'attacco   in senso sportivo. (Score: 0.00)""]",0,-0.33,['manovrare'],[],[]
scostare,1,3,-0.1,-0.1,0,V#1427,V#38680,deviare dalla rotta prestabilita,[FALLBACK] trattenersi  rimanere in un luogo per un periodo più o meno lungo.,[],"['has_hyperonym, stare, trattenersi  rimanere in un luogo per un periodo più o meno lungo. (Score: 0.00)']",0,0,[],[],[]
senseria,1,1,-0.1,-0.1,0,N#268,N#2708,[FALLBACK] ,[FALLBACK] somma versata per pagare  corrispettivo  in denaro o altro  del lavoro svolto,[],"['has_hyperonym, paga, somma versata per pagare  corrispettivo  in denaro o altro  del lavoro svolto (Score: 0.00)']",0,0,[],[],[]
sentina,1,1,-0.029015862652985877,-0.3590158626529859,0,N#899,N#16527,la parte più profonda del fondo dell imbarcazione dove si raccolgono le acque e i residui liquidi,[FALLBACK] edificio o parte di esso.,"['has_hyperonym, parte, ciascuno degli elementi o delle parti in cui è diviso un tutto. (Score: 0.00)']","['has_hyperonym, luogo, edificio o parte di esso. (Score: 0.00)']",0,-0.33,['parte'],[],[]
serbatoio,2,2,-0.1,-0.1,0,N#2200,N#31707,[FALLBACK] ,[FALLBACK] concavità naturale su una superficie,[],"['has_hyperonym, bacino, concavità naturale su una superficie (Score: 0.00)']",0,0,[],[],[]
Setubal,1,1,0.0,0.0,0,NP#1280,NP#45622,[FALLBACK] ,[FALLBACK] ,[],[],0,0,[],[],[]
sicuramente,1,1,0.0,0.0,0,AV#2682,AV#48885,con sicurezza in nave si viaggia sicuramente,[FALLBACK] ,[],[],0,0,[],[],[]
situazione,1,1,0.04918819580530705,-0.6108118041946929,0,N#2679,N#25030,condizione  in cui si trova una cosa o una persona  circostanza in cui si verifica un evento,stato  condizione  insieme di circostanze,"[""has_hyponym, assetto, modo in cui i pesi sono distribuiti su un'imbarcazione. (Score: 0.00)"", 'has_hyponym, sicurezza, la sicurezza intesa come prevenzione degli incidenti (infortuni sul lavoro  salvaguardia della vita umana ma anche di un bene  come ad esempio una nave da collisioni  naufragi etc...)  per la sicurezza dei lavoratori nei luoghi di lavoro v.D.L.626/94. (Score: 0.00)']","['has_hyperonym, condizione, modo di essere  di trovarsi  stato  modo di essere  di trovarsi: situazione (Score: 0.00)', ""has_hyponym, agitazione, confusione  disturbo dell'ordine pubblico  disturbo della pace pubblica (Score: 0.00)"", 'has_hyponym, anarchia, situazione di disordine e confusione per mancanza o insufficienza di governo. (Score: 0.00)', 'has_hyponym, antagonismo, situazione o atteggiamento di competitività  anche ostile  che si protrae nel tempo. (Score: 0.00)', 'has_hyponym, aspettativa, situazione di un impiegato che sia esentato dal prestare servizio per un certo periodo (Score: 0.00)', 'has_hyponym, attrattiva, cosa o o situazione che attrae. (Score: 0.00)', 'has_hyponym, bisogno, situazione a cui si deve fare fronte  situazione cui si deve far fronte (Score: 0.00)', 'has_hyponym, buriana, confusione  situazione caotica  situazione confusa e caotica (Score: 0.00)', ""has_hyponym, congiuntura, stato in cui si trova l'economia di un paese  di una azienda  ecc..  stato in cui si trova l'economia di un paese  di una azienda etc. (Score: 0.00)"", 'has_hyponym, contrarietà, situazione sfavorevole  avversa. (Score: 0.00)', 'has_hyponym, cosa, fatto  situazione  avvenimento (Score: 0.00)', 'has_hyponym, emergenza, situazione critica. (Score: 0.00)', 'has_hyponym, faccenda, caso  circostanza  situazione (Score: 0.00)', 'has_hyponym, farsa, situazione che cade nel ridicolo. (Score: 0.00)', 'has_hyponym, fattispecie, situazione tipica definita in modo generale dalla legge (Score: 0.00)', 'has_hyponym, frangente, situazione difficile o dolorosa. (Score: 0.00)', 'has_hyponym, galera, luogoo o situazione opprimente. (Score: 0.00)', 'has_hyponym, garbuglio, situazione intricata  non chiara (Score: 0.00)', 'has_hyponym, ginepraio, situazione problematica e difficile (Score: 0.00)', 'has_hyponym, gioco, nei giochi di carte  la situazione in cui si trova il giocatore. (Score: 0.00)', 'has_hyponym, giuridicità, situazione in cui le leggi regolano la vita collettiva (Score: 0.00)', ""has_hyponym, happening, situazione strana e aperta all'improvvisazione (Score: 0.00)"", 'has_hyponym, impasse, situazione difficile  punto morto  situazione senza sbocco. (Score: 0.00)', 'has_hyponym, incognita, fatto o situazione imprevedibile. (Score: 0.00)', 'has_hyponym, incubo, una situazione terribile (Score: 0.00)', ""has_hyponym, inferno, situazione morale in cui ci si sente come all'inferno (Score: 0.00)"", 'has_hyponym, leadership, la condizione del leader (Score: 0.00)', 'has_hyponym, litispendenza, situazione in cui due processi identici si svolgono contemporaneamente  davanti a giudici diversi (Score: 0.00)', 'has_hyponym, normalità, situazione normale  consueta  abituale (Score: 0.00)', 'has_hyponym, onore, situazione  merito che rende onorati. (Score: 0.00)', 'has_hyponym, opposito, caso  situazione contraria. (Score: 0.00)', 'has_hyponym, pacchia, situazione comoda e gradevole. (Score: 0.00)', 'has_hyponym, palude, situazione poco chiara  faticosa  dalla quale è difficile uscire. (Score: 0.00)', 'has_hyponym, pania, situazione da cui è difficile uscire. (Score: 0.00)', 'has_hyponym, pantomima, messinscena fatta per ingannare o confondere (Score: 0.00)', ""has_hyponym, pareggio, situazione in cui non c'è un vincitore. (Score: 0.00)"", 'has_hyponym, problema, per estens.  situazione difficile o complicata da superare (Score: 0.00)', 'has_hyponym, sballo, nel gergo giovanile  euforia  situazione eccitante. (Score: 0.00)', 'has_hyponym, scomodità, situazione scomoda  spiacevole. (Score: 0.00)', 'has_hyponym, situazione_di_mercato, No Gloss (Score: 0.00)', 'has_hyponym, situazione_politica, No Gloss (Score: 0.00)', 'has_hyponym, sopravvento, situazione obiettivamente vantaggiosa. (Score: 0.00)', 'has_hyponym, stretta, situazione critica. (Score: 0.00)', 'has_hyponym, strettoia, situazione difficile  scomoda. (Score: 0.00)', 'has_hyponym, svantaggio, situazione obiettivamente sfavorevole (Score: 0.00)', 'has_hyponym, torbido, No Gloss (Score: 0.00)', ""has_hyponym, triangolo, situazione che si viene a creare in una coppia se uno dei due partner ha una relazione con un'altra persona. (Score: 0.00)"", 'has_hyponym, tunnel, situazione difficile e angosciosa (Score: 0.00)', 'has_hyponym, turn_over, ricambio della manodopera (Score: 0.00)', 'has_hyponym, urgenza, situazione grave (Score: 0.00)', 'has_hyponym, viavai, situazione in cui  molte persone vanno e vengono continuamente in un certo luogo. (Score: 0.00)']",0,-0.66,"['assetto', 'sicurezza']",[],[]
Siviglia,1,1,0.0,0.0,0,NP#1281,NP#47702,[FALLBACK] ,[FALLBACK] ,[],[],0,0,[],[],[]
skipper,1,1,-0.03344075339205145,-0.36344075339205145,0,N#1728,N#11337,capitano delle imbarcazioni da diporto nelle regate chi dirige le manovre,[FALLBACK] sportivo  chi si dedica allo sport,"['has_hyperonym, capitano, comandante di una nave della Marina mercantile. (Score: 0.00)']","['has_hyperonym, sportivo, sportivo  chi si dedica allo sport (Score: 0.00)']",0,-0.33,['capitano'],[],[]
Smirne,1,1,0.0,0.0,0,NP#1282,NP#46689,[FALLBACK] ,[FALLBACK] ,[],[],0,0,[],[],[]
sopravvento,1,2,0.0,-0.33,0,N#313,N#9536,lato della barca che si trova nella direzione da cui spira il vento,situazione obiettivamente vantaggiosa,"['has_hyperonym, bordo, fianco della nave o di qualsiasi imbarcazione (Score: 0.00)']","['has_hyperonym, situazione, stato  condizione  insieme di circostanze (Score: 0.00)', 'has_hyponym, privilegio, diritto  vantaggio speciale. (Score: 0.00)', 'has_hyponym, pro, No Gloss (Score: 0.00)']",0,-0.33,['bordo'],[],[]
Southampton,1,1,0.0,0.0,0,NP#1283,NP#48314,[FALLBACK] ,[FALLBACK] ,[],[],0,0,[],[],[]
Spalato,1,1,0.0,0.0,0,NP#2338,NP#48116,[FALLBACK] ,[FALLBACK] ,[],[],0,0,[],[],[]
sperone,1,3,0.0,-0.33,0,N#1876,N#50189,parte prominente della prua,ispessimento di forma conica che sporge sulle zampe dei galli e di altri uccelli,"['has_hyperonym, parte, ciascuno degli elementi o delle parti in cui è diviso un tutto. (Score: 0.00)']","['has_hyperonym, ispessimento, No Gloss (Score: 0.00)']",0,-0.33,['parte'],[],[]
spiegare,1,6,0.0,-0.33,0,V#1709,V#36752,distendere le vele o una bandiera al vento,ordinare unità in in formazione da combattimento mil,"['has_hyperonym, mandare via, rimuovere da un luogo. (Score: 0.00)']","['has_hyperonym, disporre, collocare in un certo ordine o in un certo modo  secondo certe regole. (Score: 0.00)']",0,-0.33,['mandare via'],[],[]
stabilità,1,1,0.0,-0.66,0,N#1743,N#7091,requisito indispensabile  che deve possedere una nave o imbarcazione  di poter tornare immediatamente nella posizione di equilibrio dopo una inclinazione,l essere stabile,"['has_hyponym, stabilità longitudinale, stabilità che reagisce al beccheggio. (Score: 0.00)', 'has_hyponym, stabilità trasversale, stabilità che reagisce al rollio (è la più importante).  (Score: 0.00)']","['xpos_near_synonym, stabile, saldo  solido (Score: 0.00)', 'has_hyperonym, attributo, caratteristica di persona o cosa che ne determina e identifica la natura (Score: 0.00)']",0,-0.66,"['stabilità longitudinale', 'stabilità trasversale']",[],[]
Stavanger,1,1,0.0,0.0,0,NP#1285,NP#45856,[FALLBACK] ,[FALLBACK] ,[],[],0,0,[],[],[]
Stettino,1,1,0.0,0.0,0,NP#1286,NP#48055,[FALLBACK] ,[FALLBACK] ,[],[],0,0,[],[],[]
Stoccolma,1,1,0.0,0.0,0,NP#2431,NP#46507,[FALLBACK] ,[FALLBACK] ,[],[],0,0,[],[],[]
stopper,1,1,0.0502157260766629,0.0502157260766629,0,N#1748,N#3382,attrezzo in grado di bloccare le scotte  normalmente formato da una ganascia  azionata con una leva  che frena la scotta dentro una apposita guida,giocatore che  nel calcio  ha il ruolo di marcare strettamente il centravanti vversario,[],"['has_hyperonym, giocatore, atleta che pratica giochi sportivi. (Score: 0.00)']",0,0,[],[],[]
strato,2,2,0.12536693798731732,-0.5346330620126827,0,N#1529,N#17277,tipo di nuvola,in archeologia  un singolo livello di scavo,"[""has_hyperonym, nube, ammasso di vapori che si raccolgono nell'atmosfera (Score: 0.00)"", 'has_hyponym, stratocumulo, nuvola bassa  densa e scura a forma di grosso globo o di rotolo. (Score: 0.00)']","['has_hyperonym, piano, punto in una scala di valori  il grado come livello in una scala di valori (Score: 0.00)']",0,-0.66,"['nube', 'stratocumulo']",[],[]
stuoia,1,1,-0.1,-0.43000000000000005,0,N#1754,N#26532,"spesso materiale tessuto formato da fibre di vetro o altro kevlar  carbonio  etc con cui si costruiscono gli scafi in fibra
",[FALLBACK] piccola stuoia,"['has_hyperonym, materiale, materia  sostanza necessaria per un certo lavoro o per certe attrezzature. (Score: 0.00)']","['has_hyperonym, stoffa, tessuto di lana  cotone e simili per fare abiti  tappezzerie o altro.  il manufatto ricavato dalla tessitura. (Score: 0.00)', 'has_hyponym, stuoino, piccola stuoia (Score: 0.00)']",0,-0.33,['materiale'],[],[]
Sud_America,1,1,0.0,0.0,0,NP#2635,NP#45876,[FALLBACK] ,[FALLBACK] ,[],[],0,0,[],[],[]
Sunderland,1,1,0.0,0.0,0,NP#1287,NP#47841,[FALLBACK] ,[FALLBACK] ,[],[],0,0,[],[],[]
sventare,1,1,-0.054426387288247315,-0.38442638728824735,0,V#1708,V#39838,"allascare completamente una vela per sottrarla alla spinta del vento  facendola fileggiare in modo da poterla agevolmente ammainare o terzarolare  oppure per ridurre la velocità del veliero 
",[FALLBACK] causare un cambiamento in un processo o uno stato (seguito da un infinito).,"['has_hyperonym, allascare, allentare la tensione su un cavo o slegarlo rilasciandolo completamente. (Score: 0.00)']","['has_hyperonym, fare, causare un cambiamento in un processo o uno stato (seguito da un infinito). (Score: 0.00)']",0,-0.33,['allascare'],[],[]
Swansea,1,1,0.0,0.0,0,NP#1288,NP#45852,[FALLBACK] ,[FALLBACK] ,[],[],0,0,[],[],[]
Sydney,2,2,0.0,0.0,0,NP#1321,NP#46456,[FALLBACK] ,città del canada,[],[],0,0,[],[],[]
Tacoma,1,1,0.0,0.0,0,NP#1289,NP#48384,[FALLBACK] ,[FALLBACK] ,[],[],0,0,[],[],[]
tagliamare,1,1,0.0,-0.33,0,N#1693,N#22932,estremità prodiera della chiglia  è la parte che fende le acque,spigolo di un componente dello scafo,"['has_hyperonym, parte, ciascuno degli elementi o delle parti in cui è diviso un tutto. (Score: 0.00)']","['has_hyperonym, angolo, ogni parte di un oggetto che abbia la forma di un angolo (Score: 0.00)']",0,-0.33,['parte'],[],[]
Tallin,1,1,0.0,0.0,0,NP#1290,NP#47454,[FALLBACK] ,[FALLBACK] ,[],[],0,0,[],[],[]
Tampa,1,1,0.0,0.0,0,NP#1291,NP#47681,[FALLBACK] ,[FALLBACK] ,[],[],0,0,[],[],[]
Tangeri,1,1,0.0,0.0,0,NP#1292,NP#48173,[FALLBACK] ,[FALLBACK] ,[],[],0,0,[],[],[]
Taranto,1,1,0.0,0.0,0,NP#1244,NP#47018,[FALLBACK] ,[FALLBACK] ,[],[],0,0,[],[],[]
Tarragona,1,1,0.0,0.0,0,NP#1293,NP#47941,[FALLBACK] ,[FALLBACK] ,[],[],0,0,[],[],[]
Tavolara-Punta_Coda_Cavallo,1,1,0.0,0.0,0,NP#2597,NP#46781,[FALLBACK] ,[FALLBACK] ,[],[],0,0,[],[],[]
tavoletta,1,1,0.0,0.0,0,N#1757,N#7985,"pezzo di materiale sintetico a forma di triangolo  che viene cucito sulla parte superiore della randa per renderla più resistente
",piccola tavola,[],"['has_hyperonym, asse, tavola  asse rettangolare di legno. (Score: 0.00)', 'has_hyponym, battola, tavoletta di legno con maniglie che agitate producono rumore  usato nelle funzioni religiose e dai cacciatori (Score: 0.00)', 'has_hyponym, ciak, tavoletta di legno con un listello battente su cui sono scritte le informazioni necessarie a individuare una determinata scena (Score: 0.00)', 'has_hyponym, sparviero, tavoletta usata dai muratori (Score: 0.00)', 'has_hyponym, tagliere, piccola tavola di legno che si usa per tagliare o triturare cibi (Score: 0.00)']",0,0,[],[],[]
periodo,1,3,0.11031569691241044,-1.5396843030875897,0,N#2272,N#12098,periodo  ciascuna delle parti in cui si può dividere la durata di qualcosa,insieme di frasi musicali collegate in successione logica,"['has_hyperonym, tempo, successione illimitata di istanti in cui si svolgono gli eventi e le variazioni delle cose. (Score: 0.00)', 'has_hyponym, fase, in astron. ognuno degli aspetti che assume un astro a seconda della sua posizione rispetto al Sole e alla Terra. (Score: 0.00)', 'has_hyponym, partenza, il momento in cui un veicolo  spec. un mezzo di trasporto collettivo  si mette in movimento: la partenza della navetta. (Score: 0.00)', 'has_hyponym, periodo estivo: fino a 2 partenze giornaliere., No Gloss (Score: 0.00)', 'has_hyponym, tempo, parte di uno spettacolo o di una manifestazione sportiva (Score: 0.00)']","['has_hyperonym, strofa, insieme di più versi uniti in base a un determinato tipo di relazione.  (Score: 0.00)', 'has_hyponym, couplet, periodo musicale in alternanza con il ritornello (Score: 0.00)']",0,-1.6500000000000001,"['tempo', 'fase', 'partenza', 'periodo estivo: fino a 2 partenze giornaliere.', 'tempo']",[],[]
Terneuzen,1,1,0.0,0.0,0,NP#1294,NP#46661,[FALLBACK] ,[FALLBACK] ,[],[],0,0,[],[],[]
terzarolare,1,1,-0.1,-0.76,0,V#1700,V#34163,prendere una mano di terzaroli  cioè ridurre la superficie esposta della randa,[FALLBACK] rendere minore in quantità o in intensità.,"['has_hyperonym, manovrare, far funzionare attrezzature o strumenti per la navigazione mediante le operazioni o i movimenti necessari.  (Score: 0.00)', 'has_xpos_hyperonym, manovra, azione o insieme di azioni per dirigere o modificare il movimento di una nave o di una imbarcazione. Per effettuare una manovra si utilizzano il timone  le ancore ed il sistema di propulsione (motore ed eliche) oppure le vele nei velieri. (Score: 0.00)']","['has_hyperonym, minorare, rendere minore in quantità o in intensità. (Score: 0.00)']",0,-0.66,"['manovrare', 'manovra']",[],[]
tesare,1,1,0.015215543377931226,-0.3147844566220688,0,V#583,V#33110,tendere o recuperare una cima,[FALLBACK] spostare con sforzo in una direzione.,"['has_hyperonym, manovrare, far funzionare attrezzature o strumenti per la navigazione mediante le operazioni o i movimenti necessari.  (Score: 0.00)']","['has_hyperonym, tirare, spostare con sforzo in una direzione. (Score: 0.00)']",0,-0.33,['manovrare'],[],[]
Tirreno,1,1,0.0,0.0,0,NP#1962,NP#46093,[FALLBACK] ,[FALLBACK] ,[],[],0,0,[],[],[]
Toronto,1,1,0.0,0.0,0,NP#2160,NP#45670,[FALLBACK] ,[FALLBACK] ,[],[],0,0,[],[],[]
Torre_Guaceto,1,1,0.0,0.0,0,NP#2598,NP#48404,[FALLBACK] ,[FALLBACK] ,[],[],0,0,[],[],[]
traghettare,1,2,0.0,-0.33,0,V#451,V#34037,[FALLBACK] ,[FALLBACK] ,"['has_hyperonym, trasportare, No Gloss (Score: 0.00)']","['has_hyperonym, traversare, No Gloss (Score: 0.00)']",0,-0.33,['trasportare'],[],[]
Trapani,1,1,0.0,0.0,0,NP#2395,NP#48496,[FALLBACK] ,[FALLBACK] ,[],[],0,0,[],[],[]
trapezio,1,3,0.06997254341808111,0.06997254341808111,0,N#945,N#8513,imbragatura usata dai prodieri delle piccole imbarcazioni da regata  per porgersi fuoribordo,nelle imbarcazioni a vela  imbrago fissato all albero  al quale il prodiere si assicura per sporgersi dall imbarcazione e conferirle maggiore stabilità,[],"[""has_hyperonym, utensile, arnese atto all'esecuzione di determinate operazioni proprie di un'arte  di un mestiere o di una tecnica. (Score: 0.00)""]",0,0,[],[],[]
traversino,1,1,-0.1,-0.43000000000000005,0,N#932,N#18153,robusto cavetto di acciaio usato per ormeggio e tonneggio,[FALLBACK] cavo o catena con cui si ormeggia un'imbarcazione.,"['has_hyperonym, corda, prodotto flessibile per legare e assicurare (Score: 0.00)']","[""has_hyperonym, ormeggio, cavo o catena con cui si ormeggia un'imbarcazione. (Score: 0.00)""]",0,-0.33,['corda'],[],[]
traverso,1,2,-0.1,-0.1,0,N#1720,N#19068,direzione perpendicolare a quella della chiglia  nei due lati dell imbarcazione si dice comunemente traverso di dritta e traverso di sinistra,[FALLBACK] cosa costruita,[],"['has_hyperonym, struttura, cosa costruita (Score: 0.00)']",0,0,[],[],[]
Trebisonda,1,1,0.0,0.0,0,NP#1295,NP#46727,[FALLBACK] ,[FALLBACK] ,[],[],0,0,[],[],[]
Trieste,1,1,0.0,0.0,0,NP#2396,NP#46692,[FALLBACK] ,[FALLBACK] ,[],[],0,0,[],[],[]
trincarino,1,1,0.0,-0.33,0,N#1761,N#30356,nelle imbarcazioni classiche in legno indica una trave di rinforzo che corre longitudinalmente a sostegno della coperta,parte del fasciame dello scafo,"[""has_hyperonym, trave, elemento delle costruzioni costituito da un tronco d'albero squadrato o da analoghe strutture in acciaio o cemento armato. (Score: 0.00)""]","['has_hyperonym, partizione, ciascuna delle porzioni o degli elementi in cui è diviso un tutto (Score: 0.00)']",0,-0.33,['trave'],[],[]
tubo,2,4,0.05064018498706507,-0.27935981501293494,0,N#2193,N#26059,oggetto cilindrico  usato per condutture,[FALLBACK] oggetto materiale  concreto,"['has_hyperonym, prodotto siderurgico, No Gloss (Score: 0.00)']","['has_hyperonym, oggetto, oggetto materiale  concreto (Score: 0.00)']",0,-0.33,['prodotto siderurgico'],[],[]
tuga,1,1,0.06502982279324718,0.06502982279324718,0,N#1764,N#31060,nelle navi identifica qualsiasi sovrastruttura chiusa elevata su un ponte  ad esempio per un passaggio coperto o per proteggere attrezzature,bordo di imbarcazioni  sovrastruttura coperta sul ponte di una nave,[],"['has_hyperonym, partizione, ciascuna delle porzioni o degli elementi in cui è diviso un tutto (Score: 0.00)']",0,0,[],[],[]
Tunisi,1,1,0.0,0.0,0,NP#2261,NP#47166,[FALLBACK] ,[FALLBACK] ,[],[],0,0,[],[],[]
Turku,1,1,0.0,0.0,0,NP#1296,NP#46938,[FALLBACK] ,[FALLBACK] ,[],[],0,0,[],[],[]
uragano,2,2,0.0,0.0,0,N#2095,N#31008,distruzione di edifici  manufatti  ecc  in mare la schiuma e gli spruzzi riducono assai la visibilità velocità del vento oltre 118 km orari grado 12 della scala beaufort,rumore fragoroso,[],"['has_hyperonym, strepito, No Gloss (Score: 0.00)']",0,0,[],[],[]
Ustica,2,3,0.0,0.0,0,NP#2599,NP#47125,[FALLBACK] ,[FALLBACK] ,[],[],0,0,[],[],[]
Varna,1,1,0.0,0.0,0,NP#1297,NP#47698,[FALLBACK] ,[FALLBACK] ,[],[],0,0,[],[],[]
Vasteras,1,1,0.0,0.0,0,NP#1298,NP#46471,[FALLBACK] ,[FALLBACK] ,[],[],0,0,[],[],[]
velaccino,1,1,0.0,-0.33,0,N#133,N#30914,vela quadrata prima era triangolare,pennone,"['has_hyperonym, vela, ciascuno dei teli disposti verticalmente a bordo dei velieri in modo da ricevere la pressione del vento per utilizzarla come forza motrice. (Score: 0.00)']","['has_hyperonym, pennone, No Gloss (Score: 0.00)']",0,-0.33,['vela'],[],[]
Venezia,1,1,0.0,0.0,0,NP#1994,NP#45912,[FALLBACK] ,[FALLBACK] ,[],[],0,0,[],[],[]
Ventotene_e_Santo_Stefano,1,1,0.0,0.0,0,NP#2600,NP#46919,[FALLBACK] ,[FALLBACK] ,[],[],0,0,[],[],[]
vernice,1,3,0.0,-0.66,0,N#1686,N#25428,pittura protettiva normalmente sintetica,tipo di pellame lucido e brillante  trattato con una particolare verniciatura,"['has_hyperonym, materiale, materia  sostanza necessaria per un certo lavoro o per certe attrezzature. (Score: 0.00)', ""has_hyponym, vernice antivegetativa, vernice che si stende sull'opera viva dell'imbarcazione per prevenire la formazione di alghe o incrostazioni. (Score: 0.00)""]","['has_hyperonym, pellame,  insieme di pelli conciate. (Score: 0.00)']",0,-0.66,"['materiale', 'vernice antivegetativa']",[],[]
visibilità,1,2,0.07995684019445397,-0.25004315980554603,0,N#1688,N#615,grado di trasparenza dell atmosfera a livello del mare e  misurata con una scala internazionale che va da 0 nebbia densissima al 9 visibilità eccellente,possibilità di percepire con l occhio nelle diverse condizioni ambientali,"[""has_hyperonym, fenomeno_atmosferico, fenomeno fisico che concerne l'atmosfera. (Score: 0.00)""]","[""has_hyperonym, possibilità, l'essere in grado di agire  di comportarsi in un certo modo  attitudine acquisita o innata a fare qualcosa. (Score: 0.00)""]",0,-0.33,['fenomeno_atmosferico'],[],[]
Vlissingen,1,1,0.0,0.0,0,NP#1299,NP#47534,[FALLBACK] ,[FALLBACK] ,[],[],0,0,[],[],[]
Waterford,1,1,0.0,0.0,0,NP#1300,NP#48453,[FALLBACK] ,[FALLBACK] ,[],[],0,0,[],[],[]
